aʾlu,N,,confederation?
abāku,V,,deliver,lead away
abāku,V,,overturn
abarakkatu,N,,stewardess
abarakku,N,,steward
abarakkūtu,N,,function of stewardess
abāru,N,,physical strength
abāru,N,,(the metal) lead
abāru,V,,denounce
abātu,V,,collapse,destroy,destroying
abātu,V,,run away
abbu,N,,swamp
abbūtu,N,,fatherhood
abiktu,N,,defeat
ābiku,N,,one who overturns
ablu,AJ,,dry
abnu,N,,stone
abriš,AV,,like a stack of wood
abru,N,,pile of brushwood
abru,N,,humanity
absinnu,N,,furrow
abšānu,N,,yoke
abtu,AJ,,destroyed
abtu,N,,destroyed one
abu,N,,ancestor,father
abūbāniš,AV,,like a flood
abūbu,N,,deluge monster,flood
abullu,N,,city gate,gate
abunnatu,N,,centre
aburriš,AV,,in a green pasture
adanniš,AV,,greatly
adānu,N,,appointed time
adappu,N,,horizontal crossbeam
adāru,V,,be(come) afraid,become restless,fear
adi,PRP,,times,to,together with,until,until,while,with
adīni,AV,,hitherto
adīriš,AV,,fearfully
ādiru,N,,full of awe,full of fear
adnātu,N,,people,world
adû,N,,treaty
adurû,N,,village
aduššu,N,,enclosure wall
agāgu,V,,be(come) furious
agālu,N,,donkey
agammu,N,,marsh(es)
agannutillû,N,,dropsy
agappu,N,,wing
agarinnu,N,,mother
agasalakku,N,,(a type of metal plating)
aggiš,AV,,furiously
aggu,AJ,,furious
aggu,N,,fury
agû,N,,crown
agû,N,,flood
agurru,N,,baked brick
ahāmiš,RP,,one another
ahannâ,AV,,on this bank
ahāru,V,,delay
ahātu,N,,sister
ahāzu,V,,ignite,incite,inlay,instruct,instructing,learn,make something take hold of,take,teach
ahennâ,AV,,each by it/himself
ahhūtu,N,,brotherly relations
ahītu,N,,surroundings
āhizu,N,,informed person
ahrâtaš,AV,,for ever after
ahrītu,N,,later time
ahû,AJ,,foreign
ahû,N,,outside(r)
ahu,N,,arm,flank,shore,side
ahu,N,,brother
ahulap,J,,(an exclamation used to express or to seek compassion)
ahurrû,N,,social inferior
ai,J,,alas!
ai,MOD,,not
akalu,N,,@i{akalu},bread,food
akālu,V,,allow to eat,eat
akāmu,N,,dust-cloud
akanna,AV,,here
akī,PRP,,as,with
ākilu,N,,that eats
akītu,N,,(a cultic festival)
Akkadû,N,,Akkadian language
akkullu,N,,pick(axe)
aklu,AJ,,broken
akṣu,AJ,,brazen,dangerous
akṣu,N,,dangerous one,dangerous person
akû,N,,weak one
akukūtu,N,,firebrand
akûtu,N,,state of being crippled
aladlammû,N,,human-headed bull-colossus
alaktu,N,,course,flow,way
alāku,V,,advance,blowing,constantly go,course,flow,follow,go,going,living,make go,make something (become),make something become,making something (become),march,marching,passage,walk about,walk
alallu,N,,(a stone)
alālu,V,,hang up
alālu,V,,celebrate
alālu,N,,work song
alamittu,N,,(a wild species of date palm)
alandimmû,N,,physique
āliku,N,,goer
alkakātu,N,,actions,ways of life
allāku,N,,messenger
allu,N,,hoe
alluttu,N,,crab
almattu,N,,widow
alpu,N,,ox
alû,N,,(an evil demon)
ālu,N,,city
amahhu,N,,city wall
amaru,N,,side wall
amāru,V,,be found,be seen,constantly see,experience,inspect,learn,meet,read,reading,see,seeing
ambassu,N,,(game-)park
ambatu,N,,wetland
āmeru,N,,one who sees
amīlānu,N,,(a medical plant)
ammar,PRP,,as much as
ammatu,N,,a unit of length
ammīni,QP,,why?
ammûri,AV,,likewise
amru,AJ,,agreeable,chosen,seen
amru,N,,chosen one
amšāla,AV,,yesterday
amurdinnu,N,,bramble?
amurru,N,,the West,west
amūtu,N,,liver
ana,PRP,,about,against,among,as,at,by,for,in,into,on account of,on,through,to,with regard to
anāhu,V,,be(come) dilapidated,be(come) tired,endure,make someone make an effort,strain
anāku,IP,,I
anantu,N,,battle
anāqāte,N,,she-camels
andullu,N,,protection
andurāru,N,,exemption,freedom
andurunna,N,,heavenly abode
angubbû,N,,(a class of priest)
anhu,AJ,,tired
anhu,N,,dilapidated section(s)
anhūtu,N,,dilapidated section(s),dilapidation,tiredness
anīhu,AJ,,tired
anna,J,,yes
annaku,N,,tin
annanna,XP,,so-and-so,such-and-such
annû,DP,,this
annû,N,,this one
annu,N,,approval,yes
antallû,N,,eclipse
anuntu,N,,fight
Anūtu,N,,highest rank
anzanunzû,N,,subterranean water
anzillu,N,,abomination
anzû,N,,lion-headed eagle
apālu,V,,answer,discuss
apāru,V,,be crowned,cover the head
apâtu,N,,humanity
apiš,AV,,like reed-beds
apkallu,N,,expert,sage
aplu,N,,heir
appāru,N,,marsh
appātu,N,,portico
appatu,N,,rein
appu,N,,nose
apru,AJ,,with head covered
apsasû,N,,(an exotic bovid),sphinx
apsû,N,,(cosmic) underground water
aptu,N,,window
apu,N,,reed-bed,reeds
arahhu,N,,a genre of Sumerian songs
arāhu,V,,send speedily
arāku,V,,be(come) long,lengthen,lengthening,prolong
arammu,N,,ramp
arāmu,V,,place (tablet) in a (clay) envelope
arâniš,AV,,like eagles
arāru,V,,curse
arattû,AJ,,excellent
arbaʾu,NU,,four
arbu,AJ,,uncultivated
arbūtiš,AV,,into a barren land
arbūtu,N,,barren land,desolation
argamannu,N,,purple
arhiš,AV,,quickly
arhu,N,,cow
arhu,AJ,,fast
ariru,N,,(an epithet of fire)
arītu,N,,shield bearer,shield
arkāniš,AV,,back
arkiš,AV,,back
arku,AJ,,long
armanniš,AV,,like an apricot
armannu,N,,apricot? (tree)
armu,N,,mountain goat
arnu,N,,guilt,punishment
arratu,N,,curse
arû,N,,product in multiplication
arūru,N,,outlet of a canal
asakku,N,,(an evil demon)
asakku,N,,taboo
asallu,N,,(a copper vessel)
askuppu,N,,(threshold) slab
asliš,AV,,like sheep
aslu,N,,ram
aslu,N,,unit
asmātu,N,,(a type of horse trappings)
asmiš,AV,,in a fitting manner
asmu,AJ,,verdant
assaru,N,,charioteer
asu,N,,bear
asû,N,,physician
asumittu,N,,stele
asurrakku,N,,subterranean waters
asurrû,N,,lower course
ašāgu,N,,(a common spiny plant)
ašamšāniš,AV,,like a dust storm
ašamšūtu,N,,dust storm
ašarēdu,AJ,,first and foremost
ašarēdu,N,,first and foremost one,official
ašarettu,N,,crack troops
ašāru,V,,organize,review
ašâtu,N,,reins
ašgagu,N,,fight
ašgigû,N,,(a mineral)
āširu,N,,inspector
aškāpu,N,,leatherworker
aškuttu,N,,locking bar
ašlu,N,,unit
ašnan,N,,grain
ašnugallu,N,,alabaster
ašqulālu,N,,(a marine plant)
ašru,N,,(divine) abode,country,emplacement,place,site
aššatu,N,,wife
aššu,PRP,,as for,because (of),because,in order to,so that
aštammu,N,,tavern woman
atamru,N,,first-hand account?
atappiš,AV,,like a canal
atappu,N,,(small) canal
atbaru,N,,basalt
athû,N,,companions
attā,IP,,you
attartu,N,,(military) cart
attī,IP,,you
attū-,IP,,belonging to
atulīmānu,N,,both hands
atûtu,N,,function of gatekeeper
atwû,N,,speech
awātu,N,,command,word
awīl narkabti,N,,charioteer
awīlu,N,,man
awīlūtu,N,,humanity,person
awû,V,,deliberate,speak
ayyābu,N,,enemy
ayyakku,N,,(a type of sanctuary)
ayyalu,N,,stag
ayyaru,N,,rosette
ayyaru,N,,young man
ayyumma,XP,,any,whoever
azannu,N,,(a type of vessel)
azaru,N,,lynx
azmarû,N,,lance
baʾʾītu,N,,desired object
baʾālu,V,,be exceptionally bright
baʾāšu,V,,besmirch
bāʾeru,N,,fisherman
baʾlu,AJ,,exceptionally bright
baʾlu,N,,great number
bâʾu,V,,cause water to flow over,go along,walk
baʾūlātu,N,,people,subjects
babālu,V,,be carried,carry
bābānû,AJ,,outer
bābilu,N,,one who carries
bābtu,N,,city quarter
bābu,N,,gate,opening
bahūlātu,N,,men
bakru,N,,foal
bakû,V,,weep
bakû,AJ,,weeping
balālu,V,,mingle,mix (up)
balāṭu,N,,life
balāṭu,V,,keep alive,live,living,preservation,spare,sparing
ballu,AJ,,mixed
baltu,N,,(a spiny plant)
balṭu,AJ,,lifelike,living
balṭu,N,,living one
balṭūtu,N,,state of being alive
balu,PRP,,without
bâlu,V,,supplicate
bamātu,N,,open country,plain
banduddû,N,,bucket
bāntiš,AV,,like a mother
bānû,N,,builder,creator,engenderer
banû,V,,beautify
banû,V,,be created,be fashioned,build,building,create,creating,fashion,have built
banû,AJ,,created
banû,AJ,,beautiful,good
banû,N,,something good
baqāmu,V,,pluck,plucking
baqqu,N,,(small) fly
BAR.GÙN.GÙN.NU,N,,(a type of stone)
barakku,N,,(a corridor)
barāmu,V,,seal (up)
bārānû,N,,rebel
barāqu,V,,causing lightning to strike,flash repeatedly
barbaru,N,,wolf
barmu,AJ,,engraved
bārtu,N,,revolt
bārû,N,,diviner
bâru,V,,be firm
bâru,V,,catch
barû,V,,be(come) visible,inspect,inspection,let appear,looking for,make appear,make see,perform divination,search,seeing
barû,AJ,,checked
bārûtu,N,,work of the diviner
bāṣiš,AV,,like sand
bāṣu,N,,sand
bašālu,V,,cast,melting
bašāmu,V,,allocate
bašāmu,V,,create
bašāmu,N,,sackcloth
bašlu,AJ,,cooked
bašmu,N,,horned viper
bāštu,N,,(source of) pride,dignity
bâšu,V,,be(come) ashamed
bašû,V,,appear,bring into existence,bringing into existence,come into being,exist,existing,make (s.o.'s ears) fix on
bāšû,AJ,,existing
batāqu,V,,be opened,cut off,hew
baṭālu,V,,ceasing,discontinue,fall into disuse
baṭiltu,N,,interruption
baṭlu,AJ,,ceased,disused
bēl āli,N,,city ruler
bēl narkabti,N,,charioteer
bēl pīhāti,N,,governor
bēltu,N,,lady
bêlu,V,,rule (over),ruling (over)
bēlu,N,,lord,owner
belû,V,,come to an end
bēlūtu,N,,lordship
bēlūtu,N,,lordship,rule
berâtu,N,,waters
berqu,N,,lightning (flash)
bēru,AJ,,distant
bēru,N,,double hour
bēru,AJ,,choice,selected
bêru,V,,choose
bērūtu,N,,mound
berûtu,N,,starvation
bibbu,N,,(a kind of wild sheep)
biblu,N,,(action of) bringing,desire,produce
bikītu,N,,weeping
biltu,N,,load,talent,tribute,yield
binītu,N,,appearance
bintu,N,,daughter
bīnu,N,,son,sprout
binûtu,N,,creation,product
biri-,PRP,,among
birīt,PRP,,between
birītu,N,,fetter
birītu,N,,alley,space between
birku,N,,knee
birmu,AJ,,multicoloured
birmu,N,,multicoloured cloth
birru,N,,lattice
birtu,N,,fort,fortifications
birtu,N,,riffraff
birtūtu,N,,function as fort
bīru,N,,divination
bišītu,N,,property
bīt mayyāli,N,,bedroom
bītānû,AJ,,inner
bitrû,V,,endure,stay permanently
bitrû,AJ,,enormous,prime quality
bītu,N,,container,house,room,temple
buʾʾû,V,,look for
buʾʾuru,N,,hunting
buʾāru,N,,good fortune,happiness
bubūtu,N,,axle
bubūtu,N,,starvation
buhlalû,N,,(an Elamite class of priests)
bukru,N,,son
bukurtu,N,,daughter
bulṭu,N,,health
būlu,N,,livestock
bunnannû,N,,image,physiognomy
bunnû,AJ,,beautified
bunnû,AJ,,beutified
būnu,N,,face,outward appearance
buppāniš,AV,,face down
buqlu,N,,malt
burāšu,N,,(species of) juniper
burgû,N,,(a type of offering)
bursaggû,N,,(a kind of offering)
būrtu,N,,cistern,well
būru,N,,(bull) calf
būru,N,,hunger
burūmû,N,,heaven
burzigallu,N,,big pursītu vessel
bussurtu,N,,message
bussuru,V,,send
buṣinnu,N,,wick
būṣu,N,,byssus
būṣu,N,,hyaena
bušlu,N,,melting,smelting
būšu,N,,goods
butuqtu,N,,breach
buṭnu,N,,terebinth
dāʾinu,N,,one who gives judgement
dāʾipu,N,,one who pushes away
dāʾišu,N,,crusher
daʾummatu,N,,gloom
dababtu,N,,talk
dabābu,V,,make speak,speak,stir up
dabābu,N,,talk,wording
dabbu,AJ,,speaking
dabdû,N,,bloodshed,defeat
dābibu,N,,one who speaks
dabû,N,,bear
dabûiš,AV,,like a bear
daddaru,N,,(a foetid plant)
dadmū,N,,settlements
dagālu,V,,entrust,make subject to,make watch,obey,seeing,show,wait
dāgilu,N,,one who obeys,one who sees
dahru,AJ,,angry
dakāku,V,,gambol
dâku,V,,defeat,kill,killing
dalālu,V,,praise,praising,singing praise
dalāpu,V,,constantly harass,harass
dalhu,AJ,,confused,troubled
dalhu,N,,(political) troubles,troubled one
dalīlu,N,,praise
dallu,AJ,,praised
dalpu,AJ,,restless
daltu,N,,door
dâlu,V,,move
dalû,N,,bucket
damāqu,V,,be(come) good,make propitious
dāmātu,N,,(a dark-yellow paste)
damdāmu,N,,(a kind of mule)
damqiš,AV,,well
damqu,AJ,,capable,good
damqu,N,,good fortune,good one,good thing(s)
dāmu,N,,blood
danāniš,AV,,by force
danānu,V,,making strong,prevail,strengthen,strengthening
danānu,N,,might
dandannu,AJ,,all-powerful
dandannu,N,,all-powerful one
dannatu,N,,cold weather,distress,fortified (place),fortress,foundation pit
danniš,AV,,very
dannu,AJ,,severe,strong
dannu,N,,heavy standard,strong one
dannūtu,N,,fortress,strength
dapīnu,AJ,,heroic
dapnu,AJ,,aggressive
daprānu,N,,juniper
daqāqu,V,,crush minutely
daraggu,N,,way
dāriš,AV,,for ever
dārišam,AV,,for ever
dārītu,N,,eternity
dārû,AJ,,eternal,for ever,lasting
dāru,N,,eternity
dāṣtu,N,,disrespect
dayyālu,N,,scout
dayyānu,N,,judge
dayyaštu,N,,threshing sledge
dayyiqu,N,,siege wall(s)
dayyiṣu,N,,one who disrespects
dēkû,N,,summoner
dekû,V,,collect,muster,raise up,raise,remove,stir up
diʾu,N,,(a disease affecting the head)
diʾu,N,,(deity's) throne-platform
diānu,V,,give judgement
diāšu,V,,trample,tread down
dibbu,N,,words
diglu,N,,(a mineral)
dīktu,N,,defeat,fighting,slaughter
dīku,AJ,,killed
dikuggallu,N,,chief justice
dikûtu,N,,levy
dilhu,N,,disturbed state
dilihtu,N,,disturbed condition
diliptu,N,,sleeplessness
dilu,N,,(meaning unknown)
dilûtu,N,,bucket
dimātiš,AV,,like towers
dimmatu,N,,wailing
dimtu,N,,tear
dimtu,N,,tower
dīnu,N,,decision,judgement
dipāru,N,,torch
diqāru,N,,large bowl
dišpu,N,,honey
dīšu,N,,(spring) growth
ditalliš,AV,,into ashes
dulbu,N,,plane tree (Platanus orientalis)
dullu,N,,work
dulluhu,AJ,,very distrubed
dullulu,AJ,,oppressed
dullulu,N,,oppression
duluhhû,N,,disturbance
dummuqu,AJ,,favourable,good quality
dumqu,N,,good (thing),goodness,the best of
dunnamû,N,,person of lowly status
dunnu,N,,power
dunnuniš,AV,,very firmly
dunnunu,AJ,,very strong
duppussû,N,,younger brother
durgu,N,,(royal) origin,innermost part
dūru,N,,(city) wall,fortress
dūru,N,,permanence
duruššu,N,,foundation (platform)
duššû,AJ,,abundant
duššupu,AJ,,sweetened,very sweet
ebbu,AJ,,bright,pure
ebēbu,V,,cleanse
ebēhu,V,,belt up
ebertān,AV,,on the opposite bank
ebēru,V,,cross over constantly,cross over,crossing over,make cross over
ebīhu,N,,rope
eblu,N,,cord,rope
ebūru,N,,harvest,summer
eddēšû,AJ,,constantly self-renewing
eddittu,N,,(a kind of thorn-bush)
eddu,AJ,,pointed
edēlu,V,,shut
ēdēnu,AV,,alone
ēdēnu,AJ,,single
ēdēnû,AJ,,sole
edēqu,V,,dress
edēšu,V,,constantly renew,renovate,renovating
edhu,AJ,,(meaning uncertain)
ēdiš,AV,,alone
edlu,AJ,,shut
edû,N,,flood,wave
edû,V,,know
edû,AJ,,known
egalturrû,N,,little palace
egerrû,N,,ominous utterance
egītu,N,,negligence
egû,V,,be negligent,being negligent
ēkallu,N,,palace,palatial hall
ekdu,AJ,,wild
ekēlu,V,,be(come) dark
ekēmu,V,,take away,taking away
ekēpu,V,,be in good time,bring (rain) in good time),come close
ēkīam,QP,,where?
ekletu,N,,darkness
eklu,AJ,,dark
eklu,N,,dark place
ekmu,AJ,,taken away
ekṣiš,AV,,insolently
ēkurru,N,,temple
ela,PRP,,apart from,in absence of
elammakku,N,,(a valuable wood)
Elamtaš,AV,,to Elam
elāniš,AV,,above
elât šamê,N,,zenith
elēlu,V,,purify
elēlu,N,,cheerful song
elēnu,AV,,above,concerning,over,upstream of,upwards
elēnu,PRP,,over
elēnû,AJ,,upper
eleppu,N,,ship
elēpu,V,,(cause to) interlock,increase,mingle
elēṣu,V,,cause to rejoice,make joyful,making joyful,rejoice,rejoicing
eli,PRP,,above,against,concerning,in,more than,on,over,to
eliš,AV,,above,higher value
elītu,N,,deception,that which is above,upper world
ellāmu-,PRP,,before
Ellillatu,N,,(designation of supreme goddess)
Ellilūtu,N,,power of Enlil
ellu,AJ,,pure
ellūtu,N,,(a type of tree)
elû,V,,ascend,ascending,bring up,elevate,embark,go up,haul up,impale,install,make go up,raise up,raise
elû,AJ,,high
elû,AJ,,upper
ēm,PRP,,wherever
emdu,AJ,,joined up
emēdu,V,,converge,dock (a ship),impose,install,lay hands on,reach,resort to,set up,take refuge in
emēqu,V,,pray devoutly
emqu,AJ,,skilled,wise
emūqu,N,,military force,strength
enenna,AV,,now
enēnu,V,,punish
enēqu,V,,suck
enēšu,V,,be(come) weak,weakening
engisû,N,,(a stone)
ennettu,N,,punishment,sin
enšu,N,,weak one
enu,N,,lord
enû,V,,be altered,be changed,change,changing
enūtu,N,,lordship
eperiš,AV,,with earth
eperu,N,,dust,earth,ore
epēšu,V,,allow to carry out,allow to perform,be done,be made,be performed,build,building,constantly do,constantly exercise,do,exercise,fashion,have made,having made,make,making,perform,performing,use
epinnu,N,,(a constellation),(seed) plough
ēpir,N,,provider
ēpiru,N,,provider
epištu,N,,deed,work,workmanship
ēpišu,N,,builder,doer,one who fashions,one who performs
epšu,AJ,,acting,built
eqlu,N,,field,terrain
ēqu,N,,(a cult object)
erbe,NU,,four
erbêšu,AV,,four times
erbu,N,,(sun)set
erbu,N,,income
erbû,N,,locust
erēbu,V,,bring in,enter,entering,make enter,making enter,station
erēhu,V,,attack
erēnu,N,,cedar
ereqqu,N,,cart
erēšu,V,,constantly request,repeatedly request,request
erhāniš,AV,,provocatively
erhu,AJ,,aggressive
erhu,V,,aggressive
eribîš,AV,,like locusts
ēribu,N,,enterer
erinnu,N,,neck-stock
erištu,N,,demand
erīšu,N,,fragrance,scent
eriyātu,N,,cold weather
ermu,N,,cover(ing)
ernittu,N,,triumph
erretu,N,,pigsty,weir
erṣetu,N,,earth,ground,netherworld,territory
eršahungû,N,,(an Emesal cultic prayer)
eršu,N,,bed
eršu,AJ,,wise
ēru,N,,(a tree)
erû,N,,eagle
erû,N,,grindstone
erûtu,N,,fish spawn
esēhu,V,,carve
esēpu,V,,gather together
esēqu,V,,carve,incise
esēru,V,,dam up,enclose
eṣēdu,V,,harvest
eṣemtu,N,,bone
eṣēnu,V,,make smell,smelling
eṣēru,V,,design,design,draw
eṣru,AJ,,designed,drawn
ešertu,N,,shrine
ešēru,V,,advance against,be successful,carry out correctly,cause to move along,direct,get ready,getting right,go straight ahead,leading aright,make prosper,make towards,put in order,putting in order,straighten,straightening,success,sweep
ešītu,N,,(political) disorder,confusion
ešmāhu,N,,great shrine
ešmarû,N,,(a silver alloy)
ešqu,AJ,,massive
ešrû,AJ,,tenth
eššēšu,N,,(a feast day)
eššiš,AV,,anew
eššu,AJ,,new
eššu,N,,new one
eššūtu,N,,newness
ešû,V,,be confused,confuse
ešû,N,,confusion
etʾulu,AJ,,hung up
etelletu,N,,pre-eminent one
etelliš,AV,,as a lord
etellu,N,,pre-eminent one
etēqu,V,,be resettled,be transgressed,break,constantly go past,cross (over),cross over constantly,go past,make cross over,make pass by,making pass by,parade,transgress
etguru,AJ,,interlocking
ētiqu,N,,one who goes past,one who transgresses
ettūtu,N,,spider
eṭemmu,N,,ghost
eṭēru,V,,save,saving,take away
eṭlu,N,,young man
eṭûtu,N,,darkness
ewû,V,,become,make become
ewû,AJ,,changed
ezēbu,V,,abandon,be spared,leave,save,saving,spare
ezēzu,V,,be(come) angry,being angry
ezib,PRP,,apart from
ezziš,AV,,furiously
ezzu,AJ,,furious
gabadibbu,N,,parapet
gabarû,N,,copy,opponent
gabāṣu,N,,contraction
gabbu,N,,the totality
gabbu,N,,totality
gabû,N,,alum
gadamāhu,N,,superior linen garment
galātu,V,,constantly make tremble,make frightening,make tremble,making frightening,tremble
gallu,AJ,,rolling
gallû,N,,(a demon)
galtu,AJ,,fearsome
gamālu,V,,come to an agreement,spare
gamarru,N,,infantry
gamāru,V,,bring to conclusion,brought to conclusion,destroy,render
gāmilu,AJ,,merciful
gāmiru,N,,one who brings to conclusion
gāmiru,N,,strong one
gāmirūtu,N,,strength
gamlu,N,,bent stick (as projectile)
gamlu,AJ,,spared
gammalu,N,,camel
gamru,AJ,,complete
gamru,N,,totality
gangannu,N,,potstand
ganūnu,N,,private chamber,storeroom
ganzer,N,,underworld
gapāšu,V,,be(come) proud,be(come)ing swollen,swell number of
gapnu,N,,bush
gapšiš,AV,,in spate
gapšu,AJ,,arisen,numerous
gaṣṣu,N,,gypsum
gaširūtu,N,,appurtenances
gašīšiš,AV,,on stakes
gašīšu,N,,stake
gašru,AJ,,very strong
gašru,N,,very strong one
gattu,N,,form
gegunnû,N,,raised temple
gerrānu,N,,wailing
gerru,N,,(religious) procession,(troops on) campaign,campaign,road,way
gērû,N,,enemy
gerû,V,,be(come) hostile
gidubbû,N,,stylus
gildu,N,,(animal) hide
gilittu,N,,terror
gillatu,N,,sin
gimillu,N,,friendly deed,requital
gimirtu,N,,totality
gimru,N,,all,totality
ginû,N,,regular offering
gipāru,N,,pastureland
gipšu,N,,mass,massed body
gipšūtu,N,,multitude
girim hilibê,N,,(a precious stone)
girimmu,N,,(a precious stone)
gīriš,AV,,like fire
gīriš,AV,,like fire
girtablilu,N,,scorpion-man
girû,N,,(meaning unknown)
gīru,N,,fire
gisgallu,N,,station (of stars),station
giskimmu,N,,sign
giṣṣu,N,,thorn(-bush)
gišginîš,AV,,like a clamp?
gišhurru,N,,design,plan
gišimmaru,N,,date palm
gišmahhu,N,,long beam
gišparru,N,,trap
gišru,N,,(wooden) bar
gištallu,N,,cross-bar
gištappu,N,,footstool
gištû,N,,cross-bar
gitmālu,AJ,,equal,perfect
gitmālu,N,,perfect one
gubbu,N,,cistern
gugallu,N,,irrigation controller
guhaššu,N,,wire
guhlu,N,,antimony
gulgullu,N,,skull
gullubu,V,,shave
gullultu,N,,sin
gullulu,V,,sin
gullutu,AJ,,frightened
gumāhu,N,,prize bull
gummuru,AJ,,being in control of,complete
gunnu,N,,(of troops) main force?
gupnu,N,,tree(-trunk)
gupšu,N,,surge
guqqû,N,,(a monthly offering)
gurgūgu,N,,roller
gušūru,N,,beam,tree-trunk
hāʾiṭu,N,,watcher
habābu,V,,make gurgle,make noise
habālu,V,,do wrong,wrongdoing
habāru,V,,make thick
habātu,V,,constantly loot,loot,looting
habbātu,N,,plunderer
habbūru,N,,sprout
hābilu,N,,criminal
habṣu,AJ,,fertile
habtu,AJ,,robbed
habû,V,,draw (water)
hābû,N,,(a storage jar)
hadādu,V,,incise deeply
hadîš,AV,,happily
hādû,N,,(malevolent) rejoicing
hādû,N,,happy person
hadû,V,,be joyful
hadû,V,,be(come) joyful
hadû,N,,joy
hadû,AJ,,rejoicing
hakāmu,V,,be understood
halālu,V,,make murmur
halāpu,V,,clothe someone with,creep into repeatedly,overlay,slip into
halāqu,V,,destroy,destroying,destruction,escape
halhallatu,N,,(a kind of) drum
hālilu,N,,(meaning uncertain)
hallālāniš,AV,,like a centipede
hallu,N,,(upper) thigh
halpu,AJ,,clad in
halpû,N,,frost
halqu,N,,runaway
halṣu,N,,fortress
hâlu,V,,melting (away)
hamadīru,AJ,,withered
hamâtu,N,,help
hamāṭu,V,,burn (up),burn up
hamāṭu,V,,be brought early,hasten,make hasten
hāmimu,N,,one who gathers (to oneself)
hammāʾu,N,,rebel,usurper
hammu,AJ,,gathered (to oneself)
hammūtu,N,,function of family head
hamšā,NU,,fifty each
hamšīšu,AV,,five times
hamšu,AJ,,fifth
hamṭiš,AV,,quickly
hamṭu,AJ,,quick
hāmū,N,,chaff
hamuttu,N,,haste
hanābu,V,,make grow luxuraintly,make grow luxuriantly
handūru,N,,spur?
harābu,V,,devastate
harāṣu,V,,excavate,reduce
harāšu,V,,bring together
harbiš,AV,,like a wasteland
hargallu,N,,locking ring
harharru,N,,chain
harīṣu,N,,(city) ditch,moat
harištu,N,,woman in confinement
harpū,N,,(early) autumn
harrānu,N,,campaign,path,way
harru,N,,water channel
harṭibi,N,,(Egyptian) diviner
harû,N,,(a large container)
harû,N,,(a sanctuary)
hasāpu,V,,tear off
hasāsu,V,,be conscious,being conscious,constantly remember,remember,remind,think about
hasīsu,N,,ear,wisdom
hāsisu,N,,one who remembers,one who understands
hassu,AJ,,clever,conceived,mindful,remembered
haṣabtu,N,,potsherd
haṣānu,V,,take under one's protection
haṣāṣu,V,,snap off
haṣbattiš,AV,,like a pottery bowl
haṣbattu,N,,(a pottery bowl)
haṣbu,N,,pottery
hašādu,N,,wedding
hašāhu,V,,desire,need
hašālu,V,,make crush
hašhu,AJ,,desired
hašlu,N,,bruised grain
haštu,N,,(a kind of stone)
hašû,N,,lung(s)
hašūru,N,,(a kind of cypress)
hatanu,N,,in-law
hatānu,V,,protect
hātinu,N,,protector
hātu,N,,terror
hatû,V,,(meaning unclear)
hatû,V,,(meaning unknown)
haṭāmu,V,,block,muzzling
haṭṭāʾu,N,,wrong doer
haṭṭu,N,,sceptre
haṭû,V,,be neglectful,commit,do wrong,violate,wrongdoing
hāwiru,N,,husband
hayyāṭu,N,,spy
hazannu,N,,mayor
helû,V,,illuminate,shine brightly
hengallu,N,,plenty
hepēru,V,,dig
hepû,V,,breaking,destroy,destroying
herṣu,N,,incarnation
herû,V,,dig,digging,make dig
hesû,V,,break up (mountain with pickaxes)
hetennu,N,,(wooden part of chariot)
hiʾālu,N,,(a kind of military force)
hiālu,V,,be in pain
hiāšu,V,,hurry
hiāṭu,V,,check,seek out
hibiltu,N,,damage(s),damaged parts,wrongdoing
hibištu,N,,crushed pieces (of aromatic wood)
hidiātu,N,,joy
hidûtu,N,,joy
hilāni,N,,portico(ed building)
hilēpu,N,,willow
hilibû,N,,the underworld
hillu,N,,disturbance
himētu,N,,ghee
himmatu,N,,matter blown together
himtu,N,,leather skin
hīpu,N,,break(age)
hirītu,N,,canal
hīrtu,N,,(equal ranking) wife
hirûtu,N,,(act of) excavation
hissatu,N,,mention,understanding
hiṣbu,N,,plenty,yield
hišihtu,N,,requirement,useful object
hiššāʾum,N,,thoroughbred
hitbuṣu,AJ,,very joyful
hitlupu,AJ,,clad in,intertwined
hitmuṭiš,AV,,very quickly
hittu,N,,lintel
hiṭītu,N,,crime
hīṭītu,N,,crime
hīṭu,N,,crime,penalty
hīṭu,AJ,,investigated
hubtu,N,,plunder
huddudu,AJ,,deep
huddudu,N,,deeply incised
hūdu,N,,happiness
huhāriš,AV,,as with a bird-snare
hulālu,N,,(a valuable stone)
hulaptu,N,,equipment
huliam,N,,helmet
hullu,N,,neck ring
huluqqāʾu,N,,(commercial) loss
humṣīru,N,,(large) mouse
huppalû,N,,mace
hupšiš,AV,,as a plebeian
hupšu,N,,rabble
hurādu,N,,soldier
hurāpu,N,,spring lamb
hurāṣu,N,,gold
hurbāšu,N,,terror
huribtu,N,,desert
hurru,N,,ravine
hurrušu,AJ,,bound
huršāniš,AV,,like a mountain
huršānu,N,,mountain(s)
huruppu,N,,(metal) dish
huṣābu,N,,twig
huṣannu,N,,belt
hušahhu,N,,need
huššû,AJ,,red
ibbû,N,,loss
ibilu,N,,camel
ibru,N,,friend
ibrūtu,N,,friendship
Idiqlatiš,AV,,to the Tigris
idu,N,,arm,side
idugallu,N,,head doorkeeper
igāru,N,,wall
igigallu,N,,wise man
igigallūtu,N,,wisdom
igirû,N,,heron
igisû,N,,gift
igû,N,,reciprocal
igulû,N,,fine ointment
ihzētu,N,,decorative inlay
ihzu,N,,learning,mount
ihzu,AJ,,mounted
īkiš,AV,,like a ditch
ikkaru,N,,farmer
ikkibu,N,,sacred thing,taboo
ikku,N,,mood
ikribu,N,,blessing,prayer
ikû,N,,(a linear measure),field
īku,N,,dyke
ilittu,N,,birth,offspring
ilku,N,,(state) service,state service
illatu,N,,band,group (of soldiers)
illu,N,,partner
illūriš,AV,,like a (red) flower
illurtu,N,,handcuffs
illūru,N,,poppy
iltu,N,,goddess
ilu,N,,god
ilūtu,N,,divinity
imbariš,AV,,like fog
imbaru,N,,fog
imēru,N,,donkey
imēru,N,,a unit of capacity
imhullu,N,,destructive wind
immeru,N,,sheep
immu,N,,daytime
imna,AV,,on the right
imnu,N,,right (side)
imtu,N,,poison,venom
ina,PRP,,according to,after,among,at,before,by,during,from,in consequence of,in,into,on,through,to,when,with respect to,with,within
inanna,AV,,now
inbu,N,,fruit
inhu,N,,hardship
īnu,N,,eye-stone,eye,spring
inu,SBJ,,when
inû,N,,craft
inūma,SBJ,,at that time,when
inūšu,AV,,at that time
irhu,N,,aggressiveness
irtu,N,,against,breast,frontage,pectoral,towards
ishappu,N,,villain
isimmānu,N,,allocation
isinnu,N,,festival
isqu,N,,lot,share
isu,N,,jaw
iṣratu,N,,ground-plan
iṣṣūriš,AV,,like a bird
iṣṣūru,N,,bird
iṣu,N,,tree,wood
išariš,AV,,normally
išaru,AJ,,righteous
išātu,N,,fire
išdu,N,,foundation,legs
išid šamê,N,,horizon
išippu,N,,(a purification priest)
išippu,N,,purification priest
išippūtu,N,,rôle of a purification priest
išittu,N,,treasure
iškāru,N,,text series
iškūru,N,,wax
išpallurtu,N,,cross
išparūtu,N,,weaver's craft
išpatu,N,,quiver
išqillatu,N,,(a type of) shell
išqu,N,,share
iššiakku,N,,vice-regent (of a god)
iššiakkūtu,N,,ensi-ship
ištānu,N,,north wind,north
ištaru,N,,goddess
ištēn,NU,,first one,one
ištēniš,AV,,at the same time,equally,together
ištēnīšu,AV,,for the first time,one time
ištēnšerû,AJ,,eleventh
ištēnû,N,,single one
išti,PRP,,with
ištu,PRP,,after,after,from
ištuhhu,N,,whip
išû,V,,have
išû,AJ,,having
ithurānūtu,N,,future generation
ithuzu,AJ,,well-versed
itpēšu,AJ,,expert
itpēšu,N,,expert one
itqūru,N,,spoon
itti,PRP,,at,with
ittu,N,,sign
ittu,N,,sign
itû,N,,all around,alongside,boundary,side
itu-,PRP,,with
itūdu,AJ,,attentive
itūlu,V,,lie down,make lie down
itûtu,N,,selection
izhu,N,,string
izqātu,N,,fetters
izuzzu,V,,erect,erecting,make stand,making stand upright,stand,standing,station
izzimtu,N,,desire
kabābu,V,,burn
kabābu,N,,shield
kabālu,V,,be(come) paralysed
kabāru,V,,be(come) thick,make thick
kabāru,V,,stir up
kabāsu,V,,cause to be tread down,causing to be tread down,make tread down,pardon,tread,walk over
kabattu,N,,inside,mind,mood
kabātu,V,,treat honourably
kābisu,N,,one who treads on
kablu,N,,(furniture) foot
kabru,AJ,,large
kabtu,AJ,,heavy,honoured,important,valuable
kabtu,N,,important one,important person
kadru,N,,rearing up one
kadrû,N,,bribe,present
kādu,N,,guard
kagallu,N,,(a kind of) waste land
kakkabiš,AV,,like stars
kakkabtu,N,,star
kakkabu,N,,star
kakkaltu,N,,(an irrigation device)
kakku,N,,weapon
kakugallūtu,N,,profession of incantation priest
kalakku,N,,(a kind of wall-plaster)
kalāma,N,,all (of it)
kalappu,N,,pickaxe
kalbānātu,N,,(a siege instrument)
kalbu,N,,dog
kalītu,N,,kidney
kallāpu,N,,(a foot-soldier)
kallātu,N,,daughter-in-law
kallu,N,,(kind of) bowl
kalû,V,,deprive,detain,hold (back),holding (back)
kalû,N,,lamentation-priest
kalû,N,,all,totality
kalūmiš,AV,,like lambs
kamāru,N,,defeat
kamāru,V,,be heaped up,pile up
kamāsu,V,,deposit
kamāsu,V,,constantly kneel,kneel,make kneel
kamâtiš,AV,,to outside
kamîš,AV,,in a bound state
kamlu,AJ,,angry
kammu,N,,(a metal dowel)
kammu,N,,(writing) tablet
kamru,AJ,,piled up
kamrūtu,N,,state of rubble
kamsu,AJ,,kneeling
kāmû,N,,one who binds
kamû,V,,capture
kamû,N,,prisoner
kamūnu,N,,(a fungus)
kamûtu,N,,bondage
kanakku,N,,(meaning unknown)
kanāku,V,,seal
kanāšu,V,,bow down,make bow down,make someone bow down,make someone submit,making submissive,making submit
kānišu,N,,submissive one
kankannu,N,,(wooden) pot stand
kanku,AJ,,sealed
kannu,N,,(vessel-)stand
kanšiš,AV,,submissively
kanšu,AJ,,submissive
kanšu,N,,submissive one
kânu,V,,be firmly in place,be(come) permanent,confirm,establish firmly,establishing firmly,fix,impose,permanently deposit,securing,set up
kanû,V,,caring for
kapādu,V,,make plan,plan
kapāpu,V,,curve,surround something with something
kapāru,V,,clear away
kapātu,V,,bring together
kāpidu,N,,one who plots
kapkapu,N,,powerful one
kappu,N,,(small) bowl
kappu,N,,wing
kaqdâ,AV,,constantly
karābu,V,,bless,constantly bless,pray
karānu,N,,vine,wine
karāšu,N,,campaigning army,expeditionary force,military camp
karašu,N,,leek
karattu,AV,,like a grain-store?
karātu,V,,cut off
karbu,AJ,,in a gesture of adoration
kāribu,N,,one who blesses
karmiš,AV,,into a ruin
karmu,N,,heap
karpāniš,AV,,like a pot
karpatu,N,,(clay) pot
karru,N,,knob,peak,pommel,throne
karru,AJ,,put down
karṣu,N,,slander
karšu,N,,mind,stomach
kāru,N,,quay
karû,V,,shorten
karû,N,,grain-heap,heap
kasāmu,V,,cut up
kasāru,V,,lay across,pave
kasāsu,V,,gnaw
kaspu,N,,price,silver
kasû,V,,bind
kāsu,N,,cup
kaṣāpu,V,,think out
kaṣāru,V,,bond,cause to organize,construct,construct,gather,organize,organizing
kaṣāṣu,V,,cut down
kāṣiru,N,,(a type of craftsman),who arranges
kaṣru,AJ,,firmly joined
kâṣu,V,,flay
kaṣû,N,,cold
kašādu,V,,achieve,achieving,arrive,arriving,capture,catch up with,chase,conquer,conquering,make achieve,make conquer,make reach,reach,reaching
kašāru,V,,restore,restoring
kašāṭu,V,,cut down,cut off
kāšidu,AJ,,conquering
kāšidu,N,,conqueror,who acheives something
kaškaššu,N,,all powerful one
kaššu,AJ,,massive
kašû,V,,shore up
kašurrû,N,,basalt
katāmu,V,,cover,make cover,overwhelm
katāru,V,,band together,get (as) help,getting (as) help,to get (as) help
kâti,IP,,you
katmu,AJ,,covered,hidden
kawû,AJ,,outer
kawû,N,,open country
kayyamānu,AJ,,constantly
kayyamānû,AJ,,reliable
kayyānu,AJ,,constantly,regular
kē,QP,,how?
kerhu,N,,enclosure wall
kī,PRP,,as,because,in accordance with,like,that,when
kīam,AV,,so
kibru,N,,bank,quarter,region
kibsu,N,,imprint,route
kibtu,N,,wheat
kidānu,AV,,outside
kīdānu,AV,,outside
kidinnu,N,,protection
kidinnūtu,N,,exempt status
kīdu,N,,outside
kidudû,N,,rites
kigallu,N,,netherworld,socle
kihullû,N,,mourning place,mourning rites
kikiṭṭû,N,,ritual procedure
kilallān,AJ,,both
kilallān,IP,,both
kilīliš,AV,,as with a wreath
kīlu,N,,confinement
kīma,PRP,,according to,as,like
kimahhu,N,,grave
kimtu,N,,family
kīmū,PRP,,instead of
kīniš,AV,,reliably,truly
kiništu,N,,priesthood
kinku,N,,sealing
kinnû,N,,mountain
kīnu,AJ,,permanent,regular,reliable,stable,true
kīnu,N,,reliable person
kinūnu,N,,brazier,oven
kiplu,N,,twine
kippatu,N,,perimeter,ring
kirimahhu,N,,park
kirimmu,N,,(crook of) arm
kīru,N,,oven
kirû,N,,(fruit) plantation,orchard
kisallu,N,,forecourt
kisittu,N,,ancestry
kispu,N,,funerary offering
kisû,N,,area around base of building
kīsu,N,,bag
kisurrû,N,,boundary,territory
kiṣir šadê,N,,bedrock
kiṣru,N,,contingent,knot
kiṣṣu,N,,shrine
kišādu,N,,bank,neck,shore
kišittu,N,,achievement,booty,conquest
kišittu,N,,conquest
kiškattû,N,,craftsman
kiššatu,N,,totality,world
kiššūtu,N,,exercise of power
kišubbāniš,AV,,into a waste
kišubbû,N,,waste ground
kitmuru,AJ,,piled up
kitmusu,AJ,,folded,kneeling
kitnušu,AJ,,submissive
kitpudu,AJ,,devoting oneself to something
kitru,N,,ally,auxiliaries,auxiliary force,help
kittu,N,,justice,truth
kitturru,N,,(part of a throne or stool)
kitû,N,,flax,linen
kitû,N,,linen
kitullu,N,,(a troop formation?)
kiūru,N,,(a metal basin)
kizû,N,,personal attendant
kû,IP,,your
kubbû,AJ,,(meaning unknown)
kubburu,AJ,,very thick
kubru,N,,diameter,thickness
kubšu,N,,headcloth,headdress
kūdanu,N,,coldness,mule
kudurru,N,,(earth-carrying) labour (obligation)
kudurru,N,,boundary
kudurru,N,,(earth-carrying) labour (obligation),carrying frame
kukkallu,N,,fat-tailed sheep
kulbābāniš,AV,,like ants
kulbābu,N,,ant
kulīlu,N,,fish-man
kullatu,N,,all of
kullu,V,,hold
kullu,AJ,,holding
kullumu,V,,reveal,show,showing,teaching
kullumu,AJ,,instructed
kulūlu,N,,cornice
kūm,PRP,,instead of
kumirtu,N,,(a priestess)
kummu,N,,cella,innermost room
kummuru,AJ,,loaded,piled up
kumû,N,,(a water bird)
kunnû,AJ,,cared for
kunnu,AJ,,firmly established,fixed
kūnu,N,,firmness
kunukku,N,,seal
kunzu,N,,(a leather bag)
kupātu,N,,corn(field)?
kuppu,N,,water-source
kupru,N,,bitumen
kuptu,N,,(part of a throne)
kupû,N,,reed thicket
kurību,N,,(an ethereal spirit)
kurkû,N,,goose
kurkurru,N,,(a vessel)
Kurnugi,N,,the Underworld
kurrutu,AJ,,cut off
kūru,N,,depression
kurummatu,N,,food allocation
kurunnu,N,,(a kind of beer)
kurussu,N,,strap
kusarikku,N,,bison
kussû,N,,throne
kuṣṣuru,AJ,,thoroughly organized
kūṣu,N,,coldness,winter
kušīru,N,,success
kuššudu,AJ,,chased (off)
kuštāru,N,,tent
kutāhu,N,,spear?
kutallu,N,,back,behind,rear
kutīmu,N,,goldsmith
kuttumu,AJ,,inaccessible
kuzbu,N,,attractiveness
la,PRP,,from
lā,MOD,,not
lāʾiṭu,N,,one who wraps itself around
laʾiṭu,AJ,,encircled
labābu,V,,become furious
labānu,V,,have bricks made,make bricks,making bricks,stroke,stroking
labāriš,AV,,to become old
labāru,V,,allow to last long,be(come) old,becoming old,making long lasting
labāšu,V,,clothe oneself,overlay,provide with clothing,put on (a garment)
lābinu,N,,brick-maker,one who strokes
labīru,AJ,,old,previous
labīru,N,,original
labīrūtu,N,,old age
lābiš,AV,,like a lion
lābišu,N,,one who clothes oneself
labniš,AV,,as (if using) throwsticks
labšu,AJ,,clothed
lābu,N,,lion
ladinnu,N,,ladunum resin
lahmu,N,,a mythical being
lahru,N,,sheep
lalāʾiš,AV,,like kids
lalânû,AJ,,flourishing,luxuriant
lalgar,N,,cosmic (underground) water
lallāru,N,,white honey
lalû,N,,charms
lāma,PRP,,before (in time)
lamādu,V,,be comprehended,be learned,have (someone) learn (something),learn,teach,teaching
lamassu,N,,(a type of sphinx),(female) tutelary deity
lāmidu,N,,one who learns
lānu,N,,form,height,hight
lapāni,PRP,,before,by,from before,from,on account of
lapātu,V,,cause to be affected,destroy,destroying
laplaptu,N,,thirst
laqātu,V,,take away by force
lasmu,AJ,,speedy
lašhu,N,,gum(s)
laššu,V,,(there) is not
lâṭu,V,,keep in check
lawû,AJ,,surrounded
lawû,V,,make surround,surround
lazzu,AJ,,enduring
leʾû,V,,be able
lēʾu,N,,board
lēʾû,AJ,,competent,powerful
lēʾû,N,,competent one,powerful one
lēʾûtu,N,,competence,power
lemēnu,V,,be(come) miserable,make bad,make unfavorable
lemniš,AV,,evilly,wrongly
lemnu,AJ,,evil
lemnu,N,,bad one,evil doer,evil
lemuttu,N,,evil
lēqû,N,,one who takes
leqû,V,,accept,accepting,be taken,make take,take,taking
lētu,N,,cheek,side
letû,V,,shatter
lezēnu,V,,ridicule
līʾu,N,,bull
libbātu,N,,rage
libbu,N,,abdomen,courage,heart,inner body,interior
libittu,N,,brickwork,mudbrick
liginnu,N,,(type of) tablet
līliātu,N,,evening
lilissu,N,,kettledrum
lillu,N,,idiot
lillūtu,N,,idiocy
līm,NU,,thousand
līmâ,AV,,one thousandfold
līmu,N,,eponym (of year)
liptu,N,,handiwork,undertaking
līpu,N,,descendant
lismu,N,,running
lišān rēšēti,N,,orator
lišānu,N,,(commercial) relation,language,report,speech,tongue
litbušu,AJ,,clothed,decorated
litku,N,,test
litmudu,AJ,,learned
littūtu,N,,(extreme) old age
lītu,N,,cow
lītu,N,,power,victory
līṭu,N,,hostage
līṭūtu,N,,rôle of hostage
liwītu,N,,circumference,entourage,environs
lū,CNJ,,either,or
lū,MOD,,indeed
lū,MOD,,may
luʾʾû,AJ,,sullied
lubāru,N,,garment
lubuštu,N,,clothing
lulīmu,N,,stag
lulû,N,,splendour
lumāšu,N,,constellation
lummunu,AJ,,very bad
lumnu,N,,evil
lurmû,N,,pomegranate
luṭṭu,N,,(a cup or bowl)
mā,PRP,,saying
maʾdû,N,,(large) quantity
mâʾu,V,,vomit (bile)
māʾu,N,,victorious one
madādu,V,,measure (out)
madaktu,N,,(military) camp
madbareš,AV,,into the steppe
madbaru,N,,desert
maddattu,N,,payment,tribute
madgalu,N,,observation
mādiš,AV,,greatly,very
mâdu,V,,make numerous,making numerous
mādu,AJ,,many,much,much,significant,very
magal,AV,,very (much)
magarru,N,,wheel
magāru,V,,accept,acceptance,come to a mutual agreement,consent,consenting,obeying
māgiru,N,,submissive one
magru,AJ,,favourable
magulû,N,,(a big raft)
mahāru,V,,accept,appeal to,be faced,be present,be received,become equal to each other,constantly appeal to,constantly receive,make equal,make face,present,presenting,receive constantly,receive,receiving,rivaling
mahāṣu,V,,be beaten,beat,cut?,fight,fighting,hit,weave
māhāzu,N,,cult centre
mahhû,N,,ecstatic
mahhūtiš,AV,,like a female ecstatic
mahīriš,AV,,at market value
māhiru,N,,equal,opponent,recipient
mahīru,N,,market price,market,trade
mahra,AV,,before
mahraṣu,N,,(a wooden piece of equipment)
mahru,AJ,,(something) that can be faced
mahru,N,,before,front
mahrû,AJ,,first,former,older,previous
mahrû,N,,first one
mahrû,AV,,previously
mahṣu,AJ,,beaten,struck
mahû,V,,become frenzied
makallû,N,,anchorage
mākaltu,N,,wooden dish
mākālu,N,,food
makāru,V,,irrigate,let (water) irrigate (the fields),provide irrigation,water
makāṣu,N,,slaughtering block
makkasu,N,,knife
makkūru,N,,property
makû,AJ,,destitute
makūtu,N,,pole
makûtu,N,,destitution?
mala,PRP,,as much as,such as something is
malāhu,N,,sailor
mālaku,N,,course,march
malāku,V,,advise,deliberate,discuss
māliktu,N,,adviser
māliku,N,,adviser
malikūtu,N,,rulership
malīlu,N,,(a wind instrument)
malkatu,N,,ruler
malku,N,,king,ruler
malmališ,AV,,equally
maltaktu,N,,tested measure
malû,N,,abundance
malû,V,,be(come) full,constantly fill (up),cover,deliver,entrust,fill (up),filling
malû,AJ,,full
māmītu,N,,oath
mamlu,N,,impetuous one
mamman,XP,,anybody,somebody
mammāna,XP,,who(so)ever
māmū,N,,water
mānahtu,N,,fatigue
mānahu,N,,hard labour
manāma,XP,,somebody
mānitu,N,,(gentle) wind
mannu,QP,,who?,whoever
mannummê,XP,,who(so)ever
mānu,N,,counting
manû,V,,be counted,be delivered,count,counting,deliver,hand over,turn into
manû,N,,a unit of weight
manûtu,N,,count(ing)
manzeš,N,,(a metal container)
manziat,N,,rainbow
manzû,N,,(a type of drum)
maqātu,V,,cause to fall,cut down,cutting down,fall
maqittu,N,,dilapidation
maqqītu,N,,libation
maqtu,AJ,,fallen
maqtu,N,,collapsed part(s),fallen one
mār šipri,N,,messenger
māraku,N,,full extent,length
marāru,V,,make prevail
marāṣu,V,,be(come) ill,cause to suffer,displease
marāṭu,V,,be scratched
mardatu,N,,curtain
markasu,N,,bond
marmahhu,N,,(a fruit tree)
marqītu,N,,refuge
marratu,N,,sea,the sea
marru,N,,spade
marṣiš,AV,,laboriously
marṣu,AJ,,difficult,harsh
marṣu,N,,difficult
marṣu,N,,difficult terrain,illness,sick one,troubling thing
maršītu,N,,property
mārtu,N,,daughter
martu,N,,bile
maru,N,,son
māru,N,,child,citizen,descendant,member of a group,son
marû,V,,supply with fodder
marû,AJ,,fattened
maruṣtu,N,,evil
masabbu,N,,(a basket)
masāku,V,,(meaning uncertain),make something bad
masnaqtu,N,,inspection
maṣṣālu,N,,quarrelsome one
maṣṣartu,N,,guard
maṣṣaru,N,,guard
maṣṣarūtu,N,,safekeeping
maṣû,V,,achieve,achieving,allow to achieve,set about doing something
maṣû,AJ,,sufficient
mašʾu,AJ,,robbed
mašāʾu,V,,take away by force
mašādu,V,,be stricken
mašāhu,V,,measure
mašālu,V,,equal someone
māšartu,N,,review
mašāru,V,,drag to and fro
mašdahu,N,,procession (street)
mašdu,N,,edge
mašennu,N,,treasurer
mašhu,AJ,,measured
mašīru,N,,(a wheeled vehicle)
maškanu,N,,place,site
mašku,N,,skin
mašlû,N,,(leather) bucket
mašmaššu,N,,incantation priest
mašqītu,N,,watering place
mašqû,N,,watering place
mašrû,N,,riches
maššartu,N,,@i{maššartu}-delivery
maštaku,N,,chamber
maštītu,N,,(allowance of) drink
mašṭaru,N,,inscription
mašû,N,,(meaning unknown)
mašû,V,,be forgotten,forget,forgetting
mašû,AJ,,forgotten
māšu,AJ,,twin
māšu,N,,twin (brother),twin
matāhu,V,,lift
matgiqu,N,,vault?
mati,QP,,when?
matīma,AV,,ever
mātitān,N,,all countries,in all lands
matnu,N,,sinew
mātu,N,,land
mâtu,V,,die
maṭṭaltu,N,,mirror image
maṭû,AJ,,less,minus
mayyaltu,N,,bed
mayyālu,N,,bed
mazzaztu,N,,position
mazzāzu,N,,one who is stationed,position,socle
meʾatu,NU,,(one) hundred
mehretu,N,,front,in front of,opposite side,opposite,towards
mehru,N,,copy,equivalent,unfavourable incident
mehṣu,N,,wound
mehû,N,,storm
melemmu,N,,fearsome radiance
mēlû,N,,high place
mēlultu,N,,sport
mēlulu,V,,playing
mērehtu,N,,insolence
mērênu,N,,nakedness
mērênû,N,,naked one
mērešu,N,,cultivated land
mērešu,N,,wisdom
mēseru,N,,enclosure
mēsū,N,,rites
mesû,V,,wash,washing,wipe away
mesû,AJ,,refined
mêsu,V,,crush
meṣherūtu,N,,childhood
mešēnu,N,,sandal
mešrêtu,N,,limbs
mêšu,V,,disregard,disregarding,forgive,neglect
mētellu,N,,power
mēteqtu,N,,march-past
mētequ,N,,course,passage,route
middatu,N,,count(ing),dimension
migru,N,,favourite,initiative
mihiṣtu,N,,(cuneiform) wedge
miksu,N,,toll
milku,N,,advice,counsel,intelligence,plan,resolution
mīlu,N,,high water
mimma,XP,,all,any,anything
mimmāmu,XP,,everything
mimmû,XP,,all that
minde,AV,,perhaps
mindu,N,,measured amount
mīnītu,N,,reckoning
minītu,N,,limbs,measure
mīnu,N,,number
mīnu,QP,,what?
minûtu,N,,calculated time,count(ing),number
miqittu,N,,collapse
miqtu,N,,fall
mīrānu,N,,puppy
mīs pî,N,,mouth-washing
misarru,N,,(metal) band
mīsu,N,,washing
miṣru,N,,border
mīšaru,N,,justice
mišihtu,N,,dimension,distance
miširtu,N,,produce (of the sea and rivers)
mišītu,N,,oblivion
mišlu,N,,half
mitgāru,AJ,,favourable
mitguru,AJ,,agreed
mithāriš,AV,,altogether,in the same manner,simultaneously
mithartu,N,,(side of a) square,mankind
mithāru,AJ,,of same type
mithurtu,N,,harmony
mithuṣūtu,N,,battle
mitluku,N,,advice
mitru,AJ,,strong
mītu,N,,dead person
mītūtiš,AV,,like death
mītūtu,N,,(state of) death
miṭirtu,N,,watercourse
miṭītu,N,,decrease
miṭṭu,N,,(a divine weapon),divine weapon
mû,N,,water
muʾabbitu,N,,one who destroys
muʾaddû,N,,one who designates
muʾāru,N,,man
muʾerru,N,,leader
muʾerru,N,,leader (of an assembly)
muʾuddû,N,,(large) quantity
muballiṭu,N,,one who brings life
muballû,N,,one who extinguishes
mubannû,N,,one who treats well
mubbibu,N,,one who purifies
mūbû,N,,thickness
mudallipu,N,,one who disturbs
mudammiqu,N,,one who makes good
mudanninu,N,,one who strengthens
muddišu,N,,restorer
mūdû,N,,knower,one who knows
mūdû,AJ,,knowing
mugallitu,N,,intimidator
mugdašu,N,,powerful one
mugerru,N,,chariot,wheel
muhaʾʾidu,N,,watcher
muhaddû,N,,one who gives delight
muhalliq,N,,one who destroys
muhalliqu,N,,one who destroys
muhhu,N,,on,over,skull
muhhuriš,AV,,as an offering
muhhurtu,N,,opposite (side)
muhhuru,N,,offering
muhhuṣu,AJ,,hurt
mukabbû,N,,tailor
mukallimu,N,,one who shows
mukammiru,N,,one who heaps up
mukannišu,N,,one who makes bow down
mukannû,N,,one who looks after something
mukarrisu,N,,(a metal vessel for liquids)
mukillu,N,,holder
mukinnu,N,,one who confirms,one who firmly establishes,one who lays out (plans)
mulaʾʾiṭu,N,,one who encircles
mulabbiru,N,,one who makes lasting
mulettû,N,,one who shatters
mullilu,N,,one who cleanses,purifier
mullû,N,,covered
mullû,N,,one who causes to go up
mulmullu,N,,arrow
mūlû,N,,ascent,height,high ground
mūlû,N,,climb
mumaʾʾeru,N,,commander,leader
mumaggiru,N,,one who makes someone submissive
mummu,N,,life-giving force?,lift-giving force?
mumtalku,AJ,,circumspect
mumtalku,N,,circumspect one
munaʾʾišu,N,,veterinary surgeon
munahhiš,N,,one who grants prosperity
munahhišu,N,,one who grants prosperity
munakkilu,N,,one who can skilfully make
munakkimu,N,,one who accumulates
munakkipu,N,,one who gores
munakkiru,N,,one who alters something,one who removes someone
munammû,N,,one who lays waste
munarriṭu,N,,one who makes something tremble
munawwiru,N,,brightening
munawwiru,N,,one who brightens
mundahṣu,N,,fighter
munēʾu,N,,one who repulses
munehhu,N,,one who repulses
munessû,N,,one who deports
munihhu,N,,one who appeases
munihhu,N,,one who pacifies
munnabtu,N,,fugitive
munnahzu,N,,roaring
munnarbu,N,,fugitive
mupahhiru,N,,one who gathers
mupalliqu,N,,one who slaughters
mupaqqidu,N,,one who entrusts
muparrû,N,,one who cuts through
mupassisu,N,,one who obliterates
mupaššihu,N,,one who relaxes
mupašširu,N,,one who releases
mupaššiṭu,N,,one who erases
mupaššiṭu,N,,one who obliterates
mupattû,N,,one who opens
mupiqqu,N,,one who pays attention
mupparkû,N,,that which ceases
mupparšu,AJ,,flying,winged
muqattertu,N,,censer
muqqu,AJ,,weakened
muqtablu,N,,fighter
mūraddu,N,,descent
mūraku,N,,length
murappišu,N,,one who expands
murappišu,N,,one who makes wide
murassibu,N,,one who smites
muribbu,N,,one who makes tremble
mūrnisqu,N,,war horse
murriku,N,,one who makes long
murṣu,N,,illness
murtâmu,N,,loving each other
murtaṣnu,N,,thunderous one
mūru,N,,foal
murudû,N,,(golden) filigree
musabbû,N,,one who makes something rock
musahhipu,N,,one who overwhelms
musahhû,N,,one who destroys
musahhû,N,,one who disturbs
musappihu,N,,scatterer
museppû,N,,supplicant
musukkannu,N,,Dalbergia sissoo
muṣarrirtu,N,,(a libation vessel)
muṣṣibu,N,,one who increases
mūṣu,N,,(a stone)
mūṣû,N,,escape route,exit,opening,outflow
mušabriqu,N,,one who strikes
mušabrû,N,,one who makes someone see
mušabšû,N,,one who calls into existence
mūšabu,N,,residence,site
mušadbibu,N,,one who causes someone to speak (sedition)
mušaddilu,N,,one who expands something
mušahbibu,N,,one who causes to gurgle
mušahbiru,N,,one who causes disruption
mušahli,N,,one who makes bright
mušahmiṭu,N,,one who sends quickly
mušahribu,N,,one who devastates
mušahsisu,N,,one who makes someone remember
mušākilu,N,,feeder
mušaklilu,N,,completer
mušaklimu,N,,one who reveals
mušaknišu,N,,one who make someone bow down,one who makes someone bow down
mušaknišu,N,,one who makes someone submit
mušakṣiru,N,,one who causes to organize
mušakšidu,N,,one who makes achieve
mušalbiratu,N,,one who makes long
mušalbiru,N,,one who makes long
mušallimu,N,,one who delivers safely,one who makes restitution
mušallimu,N,,that delivers safely,that makes good
mušamdilu,N,,one who makes something wide
mušamhiru,N,,one who makes receive
mušammihu,N,,one who makes something flourish
mušamqitu,N,,one who cuts down
mušamqitu,N,,one who overthrows
mušamṣû,N,,one who allows someone to attain something
mušannû,N,,one who repeats
mušapših,N,,one who pacifies
mušapšihu,N,,one who allows to rest,one who pacifies
mušapšihu,N,,one who pacifies
mušāpû,N,,one who makes manifest
mušāqiru,N,,one who respects
mušaqqû,N,,who raises
mušarbû,N,,one who makes surpassing
mušarkisu,N,,(military) procurement officer
mušaršidu,N,,one who makes secure
mušarû,N,,(royal) inscription
mūšaru,N,,garden
mušaššiku,N,,one who abolishes
mušatbû,N,,one who raises up
mušattiru,N,,one who demolishes
mušazninu,N,,one who makes it rain
mušehrû,N,,one who causes something to be dug
mušēniqtu,N,,wet nurse
mušēribu,N,,one who brings in
mušēṣû,N,,one who causes to go out,one who lets out
mušēšeru,N,,one who puts in order
mušēšibu,N,,one who settles
mušētiqu,N,,that lets pass
mušēzibu,N,,saving one,who saves oneself
mušharmiṭu,N,,one who dissolves
mušhuššu,N,,serpent-dragon
mušimmu,N,,one who determines
mūšiš,AV,,at night
mušītiš,AV,,during the night-time
mušītu,N,,night(-time)
mušlalahhu,N,,snake charmer
mušlālu,N,,staircase(-gate)
mušpalu,N,,lowland
mušpardû,N,,one who illuminates
mušparzihu,N,,one who makes abundant
mušpēlu,N,,one who overturns
mušpêlu,N,,one who switches
mušpêlu,AJ,,overturned
muššāru,N,,(a semiprecious stone)
muššulu,N,,mirror
muštaʾʾûtu,N,,leisure
muštābilu,N,,one who considers
muštābilu,N,,one who discusses
muštahmiṭu,AJ,,ever-ignited
muštahṭu,N,,escapee,survivor
muštālu,N,,one who considers
muštapiku,N,,one who piles up
muštarhu,AJ,,presumptuous
muštarhu,N,,noble one,presumptuous one
mušteʾʾû,N,,assiduous one
muštennû,N,,one who changes
muštēširu,N,,one who sets straight
mūšu,N,,night
mūtānu,N,,epidemic
mutaqqinu,N,,one who puts in order
mūtawû,N,,one who discusses
mūterrišu,N,,one who constantly makes requests
muterru,N,,(re)turner
mutērtu,N,,double door,leaf of a door
muthummu,N,,fruit(s)
mutnennû,N,,one who prays much
mutnennû,AJ,,pious
mutnennû,N,,pious one
muttaʾidu,N,,one who is attentive
muttabbiltu,N,,furniture
muttabbilu,N,,one who maintains
muttabbilu,N,,one who maintains,servant
muttalliku,AJ,,mobile
muttananbiṭu,AJ,,bright
muttaprišu,AJ,,flying
muttarrû,N,,leader
muttatu,N,,half
muttellu,N,,princely one
muttinnu,N,,choice wine
mūtu,N,,death
muṭahhidu,N,,one who brings abundance
muṭahhidu,N,,one who provides lavishly
muṭibbu,N,,one who makes pleasing
muṭibbu,N,,one who overthrows?
muṭibbu,N,,who pleases
muzaʾʾizu,N,,one who divides
muzzapru,N,,very bad person
naʾādu,V,,be attentive,inform
naʾdiš,AV,,attentively
naʾdu,AJ,,attentive
naʾdu,N,,attentive one
naʾdu,N,,famous one
naʾdu,AJ,,praised
nāʾeru,AJ,,roaring,screeching
nāʾeru,N,,(a protective figure)
nāʾidu,N,,one who is attentive
nābališ,AV,,into dry land,on dry land
nabalkattānu,N,,insurgent
nabalkattu,N,,crossing,insurrection,ladder
nabalkutu,V,,befall,change,constantly overcome,cross over,displace,foment rebellion,overthrow,revolt
nabalkutu,AJ,,rebellious
nābalu,N,,dry land
nabāru,N,,cage
nabāsiš,AV,,like red wool
nabāsu,N,,red(-dyed) wool
nabāṭu,V,,make shine,repeatedly shine
nābiʾu,N,,plunderer
nablāṭu,N,,cure,healing
nablu,N,,(a vessel?)
nablu,N,,flame,flash of fire
nabnītu,N,,creation,creatures,form,progeny,shape
nābu,N,,god
nābû,N,,one who calls by name
nabû,AJ,,named
nabû,V,,be named,call,name
naburriš,AV,,like battlements
naburru,N,,battlement(s)
nadānu,N,,gift
nadānu,V,,give,giving,ponder
nadāru,V,,be(come) wild
nādinu,N,,giver
nadītu,AJ,,fallow
nadnu,AJ,,given
nadru,AJ,,aggressive,raging
nâdu,V,,praise,repeatedly praise,singing praises antiphonally
nādu,N,,(water-)skin
nadû,AJ,,abandoned,placed,situated
nadû,V,,be thrown (down),causing to fall into ruin,drop,fasten,lay,laying,place,placing,put someone (in fetters),throw (down),throw into,throw up,throwing down,thrown (down)
nadušu,N,,scion?
nagaltû,V,,awake
nagāru,N,,carpenter,joiner
nagāšu,V,,wander about
nagbu,N,,(the) whole,underground water
nāgiru,N,,herald
naglabu,N,,razor
nagû,N,,district,region
nahallu,N,,gorge,stream
naharmumu,V,,break down
naharmuṭu,V,,dissolve
naharšušu,V,,collapsing
nahbaṣu,N,,amphora
nahlaptu,N,,garment
nâhu,V,,appease,appeasing,be appeased,pacify,pacifying,rest
nakādu,V,,be anxious,pound
nakālu,V,,be(come) skilful,make skilfully
nakāmu,V,,heap (up)
nakāpu,N,,(pass?)
nakāpu,V,,abut,advance repeatedly in battle,battle,battling,butt each other
nakāru,V,,be changed,be(come) different,be(come) hostile,cause enmity between,change,changing,keep changing,making hostile,remove
nakāsu,V,,breach repeatedly,cut down,cut off,cut,cutting off,kill,slaughter
nakkamtu,N,,treasure
nakkaptu,N,,brow
nakliš,AV,,skilfully
naklu,AJ,,skilful
naklu,AV,,elaborate,skilful
nakmu,AJ,,heaped (up)
nakriš,AV,,like an enemy
nakru,N,,enemy
nakru,AJ,,foreign
nakru,AJ,,foreign,hostile,strange
naksu,AJ,,felled,hewn out
naktamu,N,,cover,lid
nalbanu,N,,brick mould
nalbašu,N,,fleece
nalbattu,N,,brick mould,frame
nalbētu,N,,wrap(ping)
nalbubu,AJ,,furious
nāliš,AV,,like a deer
nāmaru,N,,watch-tower
namāšu,V,,set (oneself) in motion
nambaʾu,N,,source
nambaṭu,N,,(a bright mark)
nammaštû,N,,animals
nammušīšu,N,,death
namrāṣiš,AV,,with hardship
namrāṣu,N,,hardship
namrīriš,AV,,like an awe-inspiring radiance
namrīru,N,,awe-inspiring radiance
namriš,AV,,splendidly
namṣāru,N,,sword
namūʾiš,AV,,into a wasteland
namurratu,N,,awe-inspiring radiance
nāmurtu,N,,audience gift
namûtu,N,,wasteland
namzāqu,N,,key
nanduqu,AJ,,dressed in
nanduru,AJ,,furious
nanmurtu,N,,heliacal rising
nannābu,N,,offspring
nannāriš,AV,,like the moon
nannāru,N,,light of the sky,moon
nannû,N,,command
nanzāzu,N,,poition
nanzuzu,AJ,,was standing
napādiš,AV,,for the purpose of separating
napāhu,V,,appear,ignite,rising
napalsuhu,V,,fall to the ground
napālu,V,,demolish,destroying,have dug out
napardû,V,,lighten,shine brightly
napardû,AJ,,shining brightly
naparkû,V,,cease,leave
naparkû,AJ,,ceasing,leaving
naparšudu,V,,escape repeatedly,escape,escaping,fall into desuetude,flee
napāṣu,V,,smash
napāšu,V,,abundance,relaxing
napharu,N,,entirety,total
naphu,AJ,,shining
napištu,N,,life
nappāhu,N,,smith
nappaltu,N,,debris
naprušu,V,,flee,fly,make fly
napšu,AJ,,many?
napšuru,N,,forgiveness
naptanu,N,,banquet,meal(-time)
napṭu,N,,naphtha
naqāru,V,,demolish,demolishing
nāqidu,N,,herdsman
nāqiru,N,,demolition-man
naqmītu,N,,burning
naqrabu,N,,fight(ing zone)
naqû,V,,make (an offering),pour (a libation),pour,pouring
naquttu,N,,(state of) distress
narāmtu,N,,beloved (woman)
narāmu,N,,loved one
narāqu,V,,take refuge
narāṭu,V,,tremble
narbāṣu,N,,lair (of an animal)
narbâtu,N,,end(ing)
narbû,N,,greatness
nargallu,N,,chief musician
nāriš,AV,,like a river
narkabtu,N,,chariot
narmaktu,N,,washbasin
narmaku,N,,washbowl
narmû,N,,dwelling
narpasu,N,,shovel
narqītu,N,,place of refuge
nārtu,N,,canal,river
nārtu,N,,female musician
narû,N,,foundation document,stele
nāru,N,,musician
nāru,N,,canal,river,watercourse
nasāhu,V,,be torn out,carrying out (an offering),deport,deporting,evacuate,remove,tear out,uprooting,wipe out
nasāku,V,,abolish,be repealed,remove,throw (down),throw
nasāqu,V,,choose
nasāsu,V,,lament
nāsihu,N,,one who removes
nasīku,N,,sheikh,tribal leader
naspantu,N,,devastation
nasqu,AJ,,chosen,precious
nasru,N,,(a hook or pef for suspension)
naṣāru,V,,appoint a guard over,guard,keep,observe,protect,protecting
nāṣiru,N,,guard
naṣmadu,N,,yoked team
naṣru,AJ,,observed
naṣṣabu,N,,drain pipe
našāku,V,,bite
našāqu,V,,kiss,make kiss
našarbuṭu,V,,constantly chase about
našāšu,V,,flap
našpartu,N,,message
nāšû,N,,bearer,one who lifts
našû,V,,bring about,bring something,bringing,carry,carrying,lift,make carry,making bear fruit,making carry,raise someone up,raise,rise oneself up,rising
našû,AJ,,bearing,carried,lifted,raised,supporting
natāku,V,,drip
natāru,V,,hack out
natbaktu,N,,waterfall
natbāku,N,,(mountain) gully
naṭālu,V,,be seen,constantly see,look,see,seeing
naṭbahu,N,,chopping block
nāṭilu,AJ,,seeing
naṭpu,AJ,,(meaning unknown)
naṭû,AJ,,suitable
nawāru,V,,be(come) bright,brightening,causing to shine,lighting,make bright,make shine,making shine,uncover
nawiratu,N,,light
nawru,AJ,,bright
nawû,N,,pasturage,steppe
nawû,V,,lay waste,turn into desert
nazuzzu,AJ,,standing
neʾrāru,N,,aid,ally,help
nêʾu,V,,turn back
nēbehu,N,,frieze
nēbertu,N,,crossing(-place),crossing,opposite bank
nēberu,N,,crossing point
nebrītu,N,,hunger
nēhiš,AV,,calmly
nehsu,N,,inlay?
nēhtu,N,,peace
nēhu,AJ,,calm,peaceful
nekelmû,V,,regard malevolently
nēmedu,N,,chair with back
nēmedu,N,,(back)rest,chair with back,socle
nēmequ,N,,wisdom
nēmettu,N,,couch
nēpeštu,N,,work(manship)
nēpešu,N,,(siege) machine,construction
neqelpû,V,,sail,sailing
nēr,NU,,600,all
nērārūtu,N,,aid
nērebu,N,,(mountain) pass,entering,entrance
nērtu,N,,murder
nêru,N,,killer
nêru,V,,kill
nēsepu,N,,shovel
nesû,V,,drive away
nesû,AJ,,distant
nêšakku,N,,(a dignitary)
nešbû,N,,satisfaction
nēšu,N,,lion
nibītu,N,,(one) nominated by,invocation,name,naming
nibṭu,N,,brightness
nību,N,,number
nidnu,N,,gift
nīdu,N,,l(a)ying (down)
nidûtu,N,,abandonment,waste land
nigiṣṣu,N,,crevice
nignakku,N,,censer
nigûtu,N,,joyful song,musical celebration
nikiltu,N,,artful design,cleverness
nikkassu,N,,account(s)
niksu,N,,breach,cutting (off)
nimgallu,N,,(designation of a siege engine)
nindabû,N,,(food) offering
nindanu,N,,(a unit of measure),(cultic) prescription
niphu,N,,ornamental boss,rising
niqittu,N,,damage
nīqu,N,,offering
nīru,N,,yoke
nisaba,N,,grain (goddess)
nishu,N,,excerpt
nisiqtu,N,,selection
nissatiš,AV,,in lamentation
nissatu,N,,wailing
niṣirtu,N,,hypsoma,secret,treasure
nišītu,N,,chosen one,lifting
nišku,N,,bite
nišu,N,,people
nīšu,N,,(oath on the) life
nīšu,N,,lifting
nišūtu,N,,relative(s)
nītiš,AV,,like a siege
nītu,N,,encirclement
niṭlu,N,,appearance,gaze,look
nizirtu,N,,accursed
nizirtu,N,,curse
nizmatu,N,,desire
nuʾʾudu,AJ,,very praiseworthy
nuballu,N,,(eagle's) wing,vanguard
nubattu,N,,evening (rest),evening,vigil ceremonies
nudunnû,N,,dowry
nuggatu,N,,rage
nūgu,N,,jubliation
nuhatimmu,N,,cook
nuhšu,N,,abundance
nukaribbu,N,,gardener
nukkulu,AJ,,skilfully made
nukkumu,AJ,,amassed
nukkusu,AJ,,cut (in piece)
nukurtu,N,,enmity
nulliātu,N,,maliciousness
nummuru,AJ,,very bright
nūnu,N,,fish
nupāru,N,,(frame of) mind,heart
nuppuhu,AJ,,ignited
nurmû,N,,pomegranate
nurruṭu,AJ,,quivering
nūru,N,,light
nusāhu,N,,grain tax
nusâtu,N,,wasted pieces
nussuqu,AJ,,choice
padānu,N,,path
pâdu,V,,imprison
pādû,AJ,,forgiving
paglu,AJ,,powerful
pagru,N,,body,corpse
pagû,N,,monkey
pahāru,V,,gather
pahāru,N,,potter
palāhu,V,,be(come) afraid,constantly revere,inspiring awe,revere,reverence
palāku,V,,draw boundaries
palāqu,V,,slaughter
palāsu,V,,constantly look at,glance,look at,looking at
palāšu,V,,pierce
palgiš,AV,,like a ditch
palgu,N,,canal
palhiš,AV,,fearfully,reverently
palhu,AJ,,frightened,reverent
pālihu,N,,one who fears,one who reveres
palkû,AJ,,broad
palû,N,,dynasty,insignia of kingship,regnal year,reign (of a king)
pāna,AV,,formerly
pānātu,N,,front part,prior time
paniš,AV,,in front
pānītu,N,,past
pānu,N,,before,choice,face,for,forward,front,past,surface
papāhu,N,,cella
papallu,N,,young shoot
pappardaliu,N,,(a whitish semiprecious stone)
papparmīnu,N,,(a whitish semiprecious stone)
paqādu,V,,allocate,appoint,be appointed,be careful,entrust,review,reviewing
paqdu,AJ,,entrusted
pāqidu,N,,carer
parāʾu,V,,cut through
parādu,V,,be(come) fearful
parakku,N,,dais
parāku,V,,be blocked,cause difficulties,make difficulties,put something in opposition
paramāhu,N,,high throne-dais
parāru,V,,scatter,smash
parāsu,V,,ban,block,cut off,decide,deciding,divert,divide,kept away,stop,stopping
parāṣu,V,,be transgressed,break an oath,lie
pargāniš,AV,,in security
pāriʾu,N,,one who cuts through
pariktu,N,,injustice
pārisu,N,,one who decides
parku,AJ,,placed as obstacle
parkullu,N,,stone carver
parrisānu,N,,rowers
parsiktu,N,,(a measure of capacity, mostly used for grain)
parsu,AJ,,decided
parsu,N,,distinctive one
parṣu,N,,divine office,rite
paršu,N,,excrement
pâru,V,,search for
pāru,N,,skin
parû,N,,mule
parūtu,N,,(a type of alabaster)
parzillu,N,,iron
pasālu,V,,turn around
pasāsu,V,,erase
pāsisu,N,,one who erases
paspasu,N,,duck
pasqu,N,,coping (of a wall)
pašāhu,V,,pacify
pašāhu,V,,allow to rest,be(come) at rest,become pacified,pacify,pacifying,repair
pašallu,N,,(an alloy of gold)
pašālu,V,,constantly crawl,crawl
pašāqu,V,,difficulty,make difficult,suffer difficulties,suffering difficulties,undergo continuous anguish
pašāru,V,,forgiving,sell
pašāšu,V,,anoint,be anointed
pašāṭu,V,,efface,erase,obliterate
pašīru,N,,secret place
pašīšu,N,,(a priest)
pašqiš,AV,,with great effort
pašqu,AJ,,difficult,narrow
pašru,AJ,,appeased
paššuru,N,,dining tray,table
pašultu,N,,(a crawling creature)
patāhu,V,,run through (with a sword)
patānu,V,,strengthening
patāqu,V,,be cast,cast,make brick structures
pātiqu,N,,one who fashions
patqu,AJ,,cast
patru,N,,knife,sword
pattiš,AV,,like a canal
pattu,N,,canal
paṭāru,V,,be loosened,break up,dismantle,disperse,have incised,loosen,loosening,resolve
pāṭeru,N,,that which undoes
paṭīru,N,,(a table)
pāṭu,N,,border
pazriš,AV,,secretly
pazru,AJ,,hidden
pelludû,N,,ritual
pendû,N,,(a semiprecious reddish stone)
perʾu,N,,offspring
perku,N,,(a part of a gate),region
perru,N,,detachment?
pērtu,N,,hair
peṣû,AJ,,white
pēthallu,N,,cavalry
pētû,N,,one who opens
petû,AJ,,open
petû,V,,be opened,have an opening made,impart (information),make open up,open,opening
piātu,N,,edge
pīgu,N,,deceit
pīhātu,N,,governor,province
pīhātūtu,N,,governorship
pīlāniš,AV,,like limestone
pilaqqu,N,,spindle
pilku,N,,boundary
pilku,N,,work assignment building walls
pilšu,N,,breach
pīlu,N,,limestone
pinigu,N,,(a cereal or cereal product)
pinku,N,,knob
piqittu,N,,post,provisions,responsibility
pīqu,AJ,,narrow
piriggallu,N,,lion-shaped column pedestal
piriktu,N,,obstacle
pirištu,N,,secret place,secret,specialized knowledge
pirṣātu,N,,lies
pīru,N,,elephant
pisanduppu,N,,tablet container
pisnuqiš,AV,,powerlessly
pišannu,N,,chest
pišertu,N,,disposal
piššatu,N,,oil allotment
pīt bābi,N,,(an Elamite month)
pīt pî,N,,(a ritual)
pitiqtu,N,,brickwork
pitluhu,AJ,,feared
pitnu,N,,chest
pitqu,N,,brickwork,cast metalwork,cast,creation,refining process
pitqudu,AJ,,circumspect,trustworthy
pittu,N,,accordingly
pītu,N,,opening
pû,N,,chaff
pû,N,,command,entrance,mouth,proportion,wording
puggulu,AJ,,strong
puggulu,AJ,,very strong
puhādu,N,,lamb
puhhû,AJ,,blocked up
puhpuhhû,N,,quarrel
puhru,N,,assembly,totality
pulhu,N,,terror
pulluqu,AJ,,slaughtered
puluhtu,N,,awesomeness,fear
pulukkiš,AV,,like a rocky outcrop?
pulukku,N,,boundary,sharp rock
puqqu,AJ,,attentive
puqqu,V,,be anxious
puquttu,N,,thorn
purdû,N,,(a weapon)
purīdu,N,,leg
purkullūtu,N,,craft of the stonecutter
purruku,AJ,,blocked
pursītu,N,,(a bowl)
pūru,N,,(a shallow bowl or platter)
purussû,N,,(legal) decision
pussusu,AJ,,annulled
pusummu,N,,veiled one
puṣû,N,,vacant plot
pušqu,N,,distress,narrow pass
puššuṭu,AJ,,erased
pūtu,N,,frontpiece,opposite,side
putuqqu,AJ,,constantly attentive
puzru,N,,hidden place,refuge
qāʾišu,N,,giver
qabaltu,N,,middle
qablû,AJ,,central
qablu,N,,battle
qablu,N,,centre,hips,in
qābû,N,,one who speaks
qabû,V,,be said,call (by name),command,promise,say,speaking,speech
qabû,AJ,,spoken
qabūtu,N,,bowl
qadu,PRP,,together with
qâdu,V,,ignite
qâdu,AJ,,ignited
qallu,AJ,,light,little
qalû,V,,burn
qâlu,V,,pay attention
qāmû,N,,one who burns
qamû,V,,be burned up,burn (up),cause to burn
qanānu,V,,make a nest
qanānu,V,,make a nest
qannu,N,,border
qanû,N,,(meaning uncertain),reed
qâpu,V,,fall down
qaqqadu,N,,head
qaqqariš,AV,,(down) to the ground,to ground level
qaqqaru,N,,(plot of) ground,distance,earth,ground,site,stretch of land,territory
qarābu,N,,battle
qarānu,V,,stack up
qarāru,V,,grovel
qarbu,N,,(meaning unknown)
qardammu,N,,enemy
qardu,AJ,,valiant
qardu,N,,valiant one
qarītu,N,,grain-store
qarnu,N,,horn-shaped drinking vessel,horn
qarrādu,N,,hero
qarrādūtu,N,,heroism
qašdu,AJ,,pure
qaštu,N,,archer,bow-star,bow
qatānu,V,,make thin
qatāpu,V,,pluck
qatāru,V,,be(come) gloomy
qatnu,AJ,,thin
qātu,N,,hand
qatû,V,,bring to an end,finish
qatû,AJ,,ended
qebēru,V,,burying
qēmu,N,,flour
qerbetu,N,,meadowland
qerbiš,AV,,inside
qerbītu,N,,centre
qerbu,N,,in,interior
qerēbu,V,,approach,approach,are close to each other,constantly bring up,present,presenting
qerītu,N,,banquet
qerû,V,,invite
qiāpu,V,,appoint,believing
qiāšu,V,,give
qibītu,N,,command,prayer,speech
qīdātu,N,,burning
qiddatu,N,,downstream (on a river)
qimītu,N,,burning
qinnu,N,,clan,den,nest
qinû,N,,envy
qīptu,N,,trust
qīpu,N,,representative
qiššû,N,,cucumber
qīštu,N,,gift
qištu,N,,forest
qīšu,N,,forest
qitrudu,N,,very warlike one
qītu,N,,end
qû,N,,(a capacity measure)
qû,N,,flax,thread,web
quʾʾû,V,,wait for
qûʾiš,AV,,like threads
qubû,N,,lamentation
qudmu,N,,early time
qulliu,N,,(a vessel)
qulmû,N,,(kind of) axe,axe
qūltu,N,,silence
qūlu,N,,silence
quppu,N,,cage
quppû,N,,knife
quppû,N,,scalpel
qurādu,N,,warrior
qurbu,N,,group
qurbūtu,N,,bodyguard
qurdu,N,,heroism
qurpissu,N,,helmet
qurqurru,N,,coppersmith
qurrû,AJ,,invited
qurunniš,AV,,into a heap
qurunnu,N,,heap
qutrēnu,N,,incense (offering)
qutru,N,,smoke
quttunu,AJ,,very thin
rāʾimu,N,,one who loves
raʾsu,N,,tribal chief
rab kāri,N,,harbourmaster
rab ṭupšarri,N,,chief scribe
rab-šāqê,N,,chief cupbearer
rabābu,V,,calm down,grow soft
rabannu,N,,(a high functionary)
rabāṣu,V,,lie down,make lie down
rabbû,AJ,,large
rābiṣu,N,,(a protective genius)
rabîš,AV,,greatly,magnificently
râbu,V,,make shake,shake,tremble
rabû,V,,become great,bring up,elevate in rank,enlarge,grow up,make surpassing,making surpassing
rabû,AJ,,elder,great,large,old,senior,tall
rabû,N,,adulthood,chief,noble,old one
radādu,V,,drive away,pursue,pursue
rādu,N,,downpour
raggu,N,,wicked person
rahāṣu,V,,be devastated,devastate,flood
rahāṣu,V,,encourage,trust
rāhiṣu,N,,one who devastates
rakābu,V,,embrace something,load onto a boat,load,ride
rakāsu,V,,arrange in order,bind,conclude,construct,fasten,get ready,make construct,provide offerings,providing offerings,set ready,tie on
rakbu,AJ,,riding
rakbû,N,,messenger
rākibu,N,,rider
raksu,AJ,,joined,tied,tight
raksu,N,,raft
ramāku,V,,bathe oneself,constantly bathe,wash
ramāmu,V,,roar
ramānu,N,,one's own,self
ramku,N,,(a cultic functionary)
ramû,V,,be(come) loose
ramû,AJ,,endowed,occupied
ramû,V,,establish (a residence),install in a place of residence,occupy,set in place,settle,take up a residence,take up residence
râmu,V,,love
râmu,V,,present
rapādu,V,,roam
rapādu,V,,constantly roam,roam
rapāqu,V,,put in fetters
rapāsu,V,,beat,pound
rapāšu,V,,expand,expanding,increase,widen
rappu,N,,(neck) stock
rapšu,AJ,,extensive,wide
raqqatu,N,,swamp
raqqu,AJ,,thin
raqqu,N,,turtle
rasābu,V,,smite,smiting
raṣāpu,V,,build
raṣmu,AJ,,powerful
rašādu,V,,establishing firmly,fasten securely,fastening securely,lay foundations of
rašbu,AJ,,awe-inspiring
rašdu,AJ,,firmly founded
rāšibu,N,,awe-inspiring one
rašû,V,,acquire,allow someone to acquire,come to have,coming to have,obtain,possessing
rašû,AJ,,acquired
rašubbatu,N,,awesomeness
raṭbu,AJ,,moist
rāṭu,N,,channel
rēʾû,N,,shepherd
reʾû,V,,constantly shepherd,graze,shepherd,shepherding
rēʾûtu,N,,shepherdship
rebītu,N,,district,square
rebû,AJ,,fourth
redû,V,,add,cause to flow out,lead,make (a fluid) flow,pursue,travel
rēdû,N,,administrator,soldier
rēhtu,N,,leftovers,remainder
rēhu,N,,remainder
rēmēnû,AJ,,merciful
rēmēnû,N,,merciful one
rēmu,N,,compassion
rēqu,AJ,,distant
rēṣu,N,,helper
rēṣūtu,N,,assistance,help
rēšiš,AV,,like a slave
rēštû,AJ,,first quality,first,firstborn,foremost,original
rēštû,N,,firstborn
rēštu,N,,(meaning unknown),first fruits,first rank
rēšu,N,,beginning,front end,head,slave,summit,top,upper side
rēšūtu,N,,slavery
retû,AJ,,fixed
retû,V,,fix in place,install,set in place
riābu,V,,compensate,replace
riāšu,V,,rejoice
rību,N,,compensation,replacement
rību,N,,setting (of the sun or a star)
rīddu,N,,common sense
rīdu,N,,persecution
ridûtu,N,,domain,succession,successor
riggatu,N,,injustice?
rigmu,N,,sound
rihiṣtu,N,,destruction
rihṣu,N,,destruction
rikistu,N,,conspiracy
riksu,N,,band,bond,covenant,organization,structure
rīmāniš,AV,,like a wild bull
rimītu,N,,residence
rimku,N,,washing ceremony
rīmtu,N,,wild cow
rīmu,N,,wild bull
rīqu,N,,aromatic substance
rīqūtu,N,,emptiness
rīṣu,N,,help
rīštu,N,,exultation,rejoicing
ritkusu,AJ,,permanently bound
ritmuku,AJ,,bathed
ritpāšu,AJ,,vast
ritpušu,AJ,,broad
rittu,N,,hand
rîtu,N,,pasture
ruʾāmu,N,,lovemaking
ruʾtu,N,,spittle
rubātu,N,,princess,queen
rubû,N,,noble,prince,ruler
rubûtu,N,,rulership
rukkusu,AJ,,harnessed
rukūbu,N,,mount,riding,vehicle
rûmtu,N,,darling
rupšu,N,,width
rūqiš,AV,,from afar
ruqqû,V,,process oil
rūqu,AJ,,distant,unfathomable
rūqu,N,,faraway place
ruššû,AJ,,red
rūštu,N,,(a fine quality of oil)
rušumtu,N,,swamp
rušumtu,N,,wet mud
sābu,N,,(a red stone)
sadāru,V,,(do something) regularly,arrange something properly,array,being regular,lining up,place in order,placing in order
saddinu,N,,(a tunic?)
sadru,AJ,,lined,regular
sagbu,N,,(a class of soldier)
sāgu,N,,sanctury
sahālu,V,,pierce
sahāpu,V,,be overwhelmed,cause to overwhelm,envelop,make envelop,overwhelm,spread
sahāru,V,,keep turning around,make go around,seek to help,surround,turn back,turn to s.o.'s side
sahhiš,AV,,like a meadow
sahhu,N,,like a meadow
sāhiru,N,,one who sorrounds,searcher,surrounding
sahliu,N,,cress
sahmaštu,N,,rebellion
sahpu,AJ,,covered
sakālu,V,,acquire
sakāpu,V,,overthrow,overthrowing,push down
sakīku,N,,(mud) deposits
sākipu,N,,one who overthrows
sakkû,N,,cultic rites
sakku,AJ,,blocked
sakru,AJ,,refined
salāhu,V,,sprinkle (with)
salāmu,N,,amity
salāmu,V,,restitution
salātu,N,,family
salātu,V,,slice through
salhu,AJ,,sprinkled
salīmu,N,,divine pardon,peace
sallu,N,,tray?
salmu,AJ,,friendly
salmu,N,,peaceful one
samānû,AJ,,eighth
samītu,N,,wall-plinth
sammû,N,,lyre
samnu,N,,oath
sāmtu,N,,carnelian
sāmu,AJ,,red
sanānu,V,,making flow
sanāqu,V,,approach,approaching,check,checking,cross-examine
sandâniš,AV,,like a bird-catcher
sangilimud,N,,(a bluish stone)
sāniqu,N,,controller
sanqu,AJ,,disciplined
santakku,N,,one,wedge
sapādu,V,,mourn
sapāhu,V,,scatter,scattering
sapannu,N,,plain
sapānu,V,,flatten,flattening,making flatten
sapāru,N,,(deity's) net
sapdu,AJ,,mourning
saphu,AJ,,scattered
sapīnatu,N,,boat
sāpinu,N,,flattener
sapsapu,N,,lip
saqqu,N,,sack(cloth)
sarāhu,V,,be ruined
sarāqu,V,,strew
sariyam,N,,(coat of) armour
sarru,N,,criminal
sartu,N,,falsehood
sâru,V,,whirl around
satālu,V,,plant
sattukku,N,,regular delivery
sebe,NU,,seven
sebîšu,AV,,seven times
sebû,AJ,,seventh
sehlu,N,,stab (of pain)
sehpu,N,,covering
sehru,N,,region,turn
sehû,V,,rise up,ruin,wreak
sekēru,V,,block up
sekret ēkalli,N,,palace woman
sekretu,N,,enclosed (woman)
sellu,N,,archivolt
serdu,N,,olive tree
serdû,N,,carrying-pole
serhu,N,,debris
serqu,N,,strewn offering
serremtu,N,,female onager
serrēmu,N,,onager
sêru,V,,plaster
siāmu,V,,dye red
siāqu,V,,reduce
sidirtu,N,,line of battle
sidru,N,,line of battle,row
sihirtu,N,,entirety,surroundings
sīhu,N,,rebellion
sikiltu,N,,(hoarded) property
sikiptu,N,,repulse
sikkatu,N,,cone,peg,plowshare
sikkūru,N,,bar
silittu,N,,offtake
simakku,N,,(a shrine)
simānu,N,,season
simmagir,N,,(a minister of the Babylonian king)
simmiltu,N,,stair(case)
simmu,N,,wound
simtu,N,,appropriate characteristic,appropriate procedure,appropriate symbol,characteristic,representation,specification(s)
sindû,N,,(a type of wood)
sinnišāniš,AV,,into a woman
sinništu,N,,female,woman
siparru,N,,bronze
sipittu,N,,mourning (rites)
sippu,N,,(door-)jamb
sīqu,AJ,,narrow
sīrāšû,N,,brewer
sīru,N,,(wall-)plaster
sissiktu,N,,hem
sisû,N,,horse
sittūtu,N,,those remaining
suādu,N,,(an aromatic plant)
sudduru,AJ,,set about
sugullu,N,,herd
suhhurtu,N,,retreat
suhīru,N,,foal
suhurmāšu,N,,(mythical) goat-fish
sukkalmahhu,N,,chief minister
sukku,N,,shrine
sullû,V,,appeal
sullû,N,,deception
sullumu,AJ,,reconciled
sulummû,N,,peace (treaty),peace-making
suluppu,N,,date
SUM.NINDA,N,,(a festival)
summatu,N,,(female) dove
summuhu,AJ,,miscellaneous
sunnunu,AJ,,made flow
sunqu,N,,famine
suppû,V,,beseech
supû,N,,prayer
supūru,N,,sheepfold
sūqu,N,,street
surāru,N,,prayer
surdû,N,,falcon
surmahhu,N,,chief lamentation-priest
surqēnu,N,,strewn offering
surrātu,N,,lies
surriš,AV,,quickly
surruqu,AJ,,strewn
susānu,N,,(a vessel)
sūtu,N,,(a capacity measure)
ṣabābu,V,,care for,teaching (fledglings) to spread (wings)
ṣabāru,V,,shape
ṣabāru,V,,produce heat lightning
ṣabātu,V,,capture,incorporate,make occupy,make someone hold,make someone take,make take,seize,seizing,set in place,set,settle,starting,take over,take,taking
ṣabītu,N,,gazelle
ṣābitu,N,,one who takes
ṣābitu,N,,gazelle,who holds
ṣabtu,AJ,,drawn up,kept at,seized up,seized,taken
ṣabû,V,,wish (for)
ṣabu,AJ,,wished for
ṣābu,N,,people,troops
ṣaddu,N,,portent
ṣâdu,V,,roam about
ṣahharu,N,,(a kind of grain)
ṣalāʾu,V,,cast off,cause to lay down,lay down,throw (down)
ṣalālu,V,,allow to rest,sleep,sleep
ṣalāmu,V,,turn something black
ṣaliptu,N,,lying
ṣallamtu,N,,basalt
ṣalmu,AJ,,black
ṣalmu,N,,black one
ṣalmu,N,,effigy,image
ṣāltu,N,,combat
ṣālūtu,N,,conflict
ṣamādu,N,,team
ṣamādu,V,,cause to bind up,harness
ṣamāru,V,,strive for,wish (for)
ṣamdu,AJ,,equipped,harnessed
ṣarāhu,V,,cry out
ṣarāhu,V,,become angry,heat up,heating up
ṣarāhu,V,,make flash
ṣarāmu,V,,make an effort
ṣarāpu,V,,dye (red)
ṣarāšu,V,,spread out,spreading out
ṣarbatu,N,,poplar
ṣarhu,AJ,,hot-tempered
ṣāriru,N,,(a gold alloy)
ṣarpiš,AV,,loud and bitterly
ṣarpu,AJ,,baked,dyed
ṣarpu,N,,silver
ṣayyādu,N,,vagrant
ṣehēru,V,,reduce,reducing
ṣehheru,AJ,,very young
ṣehru,N,,childhood
ṣehru,AJ,,small,young
ṣehru,N,,lowly person,young one
ṣēlāniš,AV,,sideways
ṣēlu,N,,side
ṣelû,V,,burning
ṣēnu,N,,evil
ṣēnu,N,,flock,sheep and goats
ṣerhu,N,,lamentation
ṣēriš,AV,,towards,upon
ṣerpu,N,,red spot
ṣerretu,N,,nose-rope
ṣerru,N,,snake
ṣerru,N,,socket for doorpost
ṣēru,N,,against,back,in addition to,on,open country,to
ṣētu,N,,bright light
ṣiātiš,AV,,for ever
ṣiātu,N,,distant time
ṣibittu,N,,captivity,correct behavior,prison
ṣibtu,N,,(a tax on cattle),interest
ṣibtu,N,,seizure
ṣibûtu,N,,what is needed,wish
ṣiddu,N,,common people
ṣidītu,N,,(travel) provisions
ṣillu,N,,protection,shade
ṣimdu,N,,(yoke-)team,binding,fixed plan
ṣimittu,N,,(yoke-)team,binding
ṣippatu,N,,fruit orchard
ṣipru,N,,(a metal ornament),point
ṣirihtu,N,,inflammation
ṣīru,AJ,,exalted,high-ranking,lofty,magnificent
ṣīru,N,,envoy,exalted one
ṣiṣṣu,N,,(a wooden bar?)
ṣīt šamši,N,,sunrise
ṣītān,AV,,in the east
ṣītu,N,,exit,issue,place of origin
ṣubātiš,AV,,into a garment
ṣubātu,N,,garment,textile
ṣubbû,V,,be recognizable,form,inspect
ṣubbubu,AJ,,spread
ṣubbutu,AJ,,edged
ṣudû,N,,rations
ṣuhhuru,AJ,,(meaning uncertain)
ṣuhhuru,AJ,,very small
ṣullû,V,,beseech,constantly beseech,supplicate
ṣullulu,V,,roof over
ṣullulu,AJ,,obscure
ṣulmu,N,,blackness
ṣulû,N,,supplication
ṣulūlu,N,,crown (of a tree),protection,roof
ṣumāmītu,N,,(severe) thirst
ṣumāmu,N,,thirst
ṣumbu,N,,waggon,wagon
ṣumlalû,N,,(a spice plant)
ṣummirātu,N,,desires
ṣummû,N,,thirst
ṣūmu,N,,thirst
ṣuppān,N,,unit
ṣuppu,N,,decorated
ṣupru,N,,(finger/toe-)nail,claw
ṣurru,N,,heart,interior,mind
ṣurru,N,,obsidian
ṣurtu,N,,flint (blade)
ṣuṣû,N,,reed-thicket
ša,DET,,concerning,of,to,with
ša,REL,,that,when,who,whose
ša ēkalli,N,,queen
ša pēthalli,N,,cavalryman
ša rēši,N,,eunuch
šāʾiṭu,N,,one who pulls
šâʾu,V,,fly
šabāsu,V,,be(come) angry
šabāṭu,V,,beat
šabburtu,N,,cultivated land
šabrû,N,,interpreter of dreams
šabsu,AJ,,angry
šâbu,V,,tremble
šadādu,V,,bring in allies,drag,dragging,make someone convey something,make someone drag something
šadāhu,V,,maneuvering,march,pass along,procession,walk forward
šadālu,V,,be increased,increase,increase,increasing
šadâniš,AV,,like a mountain
šaddattunu,N,,stool?
šaddidu,N,,boat-tower
šaddûʾa,N,,mountain-dweller
šaddūāʾiš,AV,,like a mountain
šādidu,N,,one who drags
šadlu,AJ,,broad,extensive
šadû,N,,east
šadû,N,,east,mountain,the East
šagāmu,V,,make roar,roar
šagapūru,AJ,,mighty
šagapūru,N,,mighty one
šagāšu,V,,kill,murder,slaughter
šaggaštu,N,,slaughter
šagigurrû,N,,free-will offering
šāgišu,N,,one who slaughters,who slaughters
šahahu,V,,crumble
šahātu,N,,hiding place
šahātu,V,,revere
šahātu,V,,be(come) afraid
šahātu,N,,side
šahātu,V,,apply something
šahāṭu,V,,jump (on),jump about,jump out,make jump
šahāṭu,V,,tear off
šahrartu,N,,devastation
šahtu,AJ,,revere
šahtu,AJ,,reverent
šahtu,N,,reverent one
šahû,N,,pig
šahurratu,N,,deathly hush
šahūru,N,,(a part of the foot)
šahūru,N,,(part of a temple)
šājimānūtu,N,,purchase in question
šakānu,V,,be appointed,be established,be placed,be provided with,become established,constantly establish,deposit,establish,establishing permanently,establishing,have established,have placed,have set up,hold (a celebration),impose,make,organize,place,pronounce,provide,put,set in place
šakin māti,N,,governor,provincial governor
šākinu,N,,one who places
šakirūtu,N,,(a type of ritual equipment)
šakkanakku,N,,(military) governor
šakkanakkūtu,N,,governorship
šaknu,N,,appointee,governor
šaknu,AJ,,established,placed,set,situated
šaknūtu,N,,governorate
šakṣu,N,,wild one
šalālu,V,,be carried out,carry off,carrying off,plunder,plundering
šalamtiš,AV,,like a corpse
šalamtu,N,,corpse
šalāmu,V,,be(come) completed,bring safely,carry out in full,carrying out in full,ensure the well-being,ensuring the well-being,keep well,make finish,making ready,repair,well-being
šalāpu,V,,pull out
šalāqu,V,,cut open
šalāš,NU,,three
šalāšī-,AV,,three times
šalaššerû,AJ,,thirteenth
šalāšu,V,,do three times
šalbābu,AJ,,wise
šalgu,N,,snow
šalhû,N,,outer wall
šālilu,N,,plunderer
šallaru,N,,wall plaster
šallatiš,AV,,as booty
šallatu,N,,booty,captive,despoliation
šallu,AJ,,plundered
šallūtu,N,,state of captivity
šalmiš,AV,,in safety,well
šalmu,AJ,,favourable
šalmu,N,,complete one
šalpu,AJ,,unsheathed
šalputtu,N,,ruination
šalšāya,N,,third brother
šalšiānu,AV,,for the third time
šalšu,AJ,,one-third,third
šalšu,NU,,one-third,third
šalṭāniš,AV,,in triumph
šalṭiš,AV,,triumphantly
šâlu,V,,ask constantly,ask,asking,consult
šalû,V,,throw
šalû,V,,cast away,shoot,shooting,throw
šalû,V,,submerge
šalummatu,N,,radiance
šamāhu,V,,grow magnificent,grow,growing,making flourish
šamallû,N,,(scribal) apprentice
šamāmiš,AV,,to heaven
šamāmū,N,,heavens
šaman pūri,N,,(a type of oil)
šamāru,V,,praise
šamāru,V,,putting (horses) to gallop,raging,showing mettle
šamaššammū,N,,sesame
šamāṭu,V,,erode,tear away
šamhu,AJ,,prosperous
šammu,N,,plant(s)
šamnu,N,,oil
šamriš,AV,,furiously
šamru,AJ,,furious
šamru,N,,furious one
šamšiš,AV,,like the sun
šamšu,N,,sun
šāmu,N,,purchased one
šâmu,V,,buy,purchasing
šamû,N,,heaven
šamūtu,N,,rain
šanānu,V,,be equaled,competing,defy,defying,equal,equal
šanāṣu,V,,sneer
šandabakku,N,,(governor of Nippur),chief accountant
šangû,N,,priest
šangûtu,N,,priestly duties,priestly office
šaniānu,AV,,for the second time,for the second time
šāninu,N,,rival
šanîš,AV,,ditto
šanītu,AV,,a second time
šanû,AJ,,(an)other,another
šanû,N,,(an)other one,deputy
šanû,V,,be(come) changed,change,changing,relocate
šanû,V,,do twice,repeat
šanû,AJ,,deputy,second
šanû,N,,deputy
šanunkatu,N,,princess
šapāku,V,,heap up,pour,store
šapālu,V,,dig deep,humble oneself
šapāru,V,,constantly govern,govern,governing,repeatedly send,send
šāpiku,N,,one who heaps up
šāpiru,N,,commander,leader
šapku,AJ,,cast,heaped up
šaplāniš,AV,,below
šaplānu,AV,,below,deep down,underneath,underneath
šapliš,AV,,below,lower value
šaplītu,N,,netherworld
šaplû,AJ,,lower
šaplu,AJ,,low
šaplu,N,,beneath,bottom,downstream of,lower part,underside
šapru,N,,thigh
šapṣu,AJ,,recalcitrant
šapṣu,N,,recalcitrant one
šapšāqu,N,,hardship
šaptu,N,,crest,lip
šapû,AJ,,thick
šaqāru,V,,pierce
šaqîš,AV,,high up
šāqû,N,,cup-bearer
šaqû,V,,be(come) high,elevate,elevating,go up high,raise,rising
šaqû,V,,give (drink) to,give to drink,irrigate,irrigating,soak
šaqû,AJ,,high,lofty
šaqû,N,,exalted one
šaqummatu,N,,(deathly) hush
šār,NU,,3,600
šarāhu,V,,constantly be proud,glorifying,make proud,make splendid,making splendid
šarāku,V,,be presented,present,presenting
šarāpu,V,,burn
šarāqu,V,,steal
šarāṭu,V,,tear
šarbu,N,,cold
šarhiš,AV,,splendidly
šarhu,AJ,,proud,splendid
šarhu,N,,proud one
šārī erbetti,N,,four directions
šāriku,N,,one who presents (gifts)
šarku,AJ,,presented
šarku,N,,pus
šarrāqiš,AV,,like a thief
šarrāqu,N,,thief
šarratu,N,,queen
šarru,N,,king
šarrūtu,N,,kingship
šartu,N,,falsehood
šāru,N,,(meaning unknown)
šāru,N,,direction,wind
šarūriš,AV,,with brilliance
šarūru,N,,brilliance,rays
šassūru,N,,womb
šasû,V,,call (by name),call,make cry out,making cry out,read aloud,shout,summon
šâša,IP,,that,to her
šâšina,IP,,those
šašmu,N,,(single) combat
šaššāniš,AV,,like the sun
šaššūgu,N,,(a tree)
šâšu,IP,,him,that
šâšunu,IP,,them
šāt,DET,,that
šatammu,N,,administrator
šâti,IP,,that
šâtina,IP,,those
šatpu,N,,excavation
šattišamma,AV,,year by year,yearly
šattu,N,,year
šâtu,IP,,that
šatû,V,,be watered,constantly drink,drink
šatû,AJ,,woven
šâtunu,IP,,those
šaṭāpu,V,,preserve (life),preserving (life)
šaṭāru,V,,have inscribed,have written,inscribe,write,writing
šāṭiru,N,,one who writes
šaṭru,AJ,,written
šâṭu,V,,ignore
šâṭu,V,,pull,pulling
šawiru,N,,ring
šeʾtu,N,,mattress
šeʾû,V,,be assiduous,constantly seek out,seek (out),seek constantly for,seek constantly for,seeking constantly for
šebēru,V,,be broken,break up,break
šebû,V,,be satisfied,be(come) full,fill with (food),satisfaction
šēdu,N,,protective deity
šegû,V,,be(come) wild
šehinitu,N,,(meaning unknown)
šēlabiš,AV,,like a fox
šēlebu,N,,fox
šeleppû,N,,turtle
šēltu,N,,sharp blade
šēlu,AJ,,sharpened
šêlu,V,,sharpen
šēlūtu,N,,pointed blade
šemû,V,,acceptance,hear,hearing,listen,listening,understand
šemû,AJ,,obedient,propitious
šēmû,N,,one who hears
šēnu,N,,sandal(s)
šēpītu,N,,lower side
šēpu,N,,foot
šerʾānu,N,,muscle
šerʾu,N,,furrow
šeriktu,N,,present
šerku,N,,gift
šērtu,N,,punishment
šēru,AJ,,fierce?
šēru,N,,morning
šerû,AJ,,(meaning unknown)
šešgallūtu,N,,post of šešgallu
šeššu,AJ,,one-sixth,one-sixth,sixth
šētiš,AV,,as with a net
šêtu,V,,be remaining,leave
šētu,N,,net
šeṭû,V,,spread out
šêṭu,V,,disdain,miss (accidentally)
šēṭūtu,N,,scorn
šī,IP,,she,this
šiāhu,V,,grow (tall)
šiāmu,V,,decree
šiāṭu,V,,be(come) neglectful
šibbu,N,,belt
šibirru,N,,shepherd's staff
šibirtu,N,,block,piece
šibītu,N,,seam
šibsātu,N,,anger
šibšu,N,,(an agricultural tax)
šībtu,N,,old woman
šibṭu,N,,blow,plague
šību,N,,elder
šībūtu,N,,old age
šiddu,N,,bank,length,shore,side
šigaru,N,,(neck-)stock,door lock
šihhatu,N,,disintegration
šihlu,N,,sifting(s)
šīhu,AJ,,grown (tall)
šīhu,N,,grown (tall) one
šikaru,N,,beer
šikittu,N,,construction,form,layout
šikkû,N,,mongoose
šiknu,N,,act of putting,appearance,appointing,arrangement,deposit,formation,imposition,layer,sediment,things endowed with
šīlān,AV,,in the west
šillatu,N,,impudence,iniquity
šilpu,N,,(meaning unknown),withdrawal
šiltāhu,N,,arrow
šīmtu,N,,fate,will
šīmu,N,,purchase (price)
šina,IP,,they
šināti,IP,,them,those
šīnātu,N,,urine
šinintu,N,,equality?
šinīšu,AV,,in two,twice
šinnatu,N,,equality,similarity
šinni pīri,N,,ivory
šinni ṣabīti,N,,gazelle-tooth stone
šinnu,N,,ivory,tooth
šinšariu,AJ,,twelfth
šīpātu,N,,cotton,wool
šipirtu,N,,message
šipku,N,,base,casting,dune,heaping up,pile
šipru,N,,action,craft,message,sending,work
šipṭu,N,,judgement
šiqītu,N,,irrigation canal
šiqlu,N,,shekel
šīqu,N,,irrigation
šīru,N,,flesh,omen,skin
šisītu,N,,clamour,proclamation
šitahhuṭu,AJ,,continually jumping about
šiteʾû,AJ,,experienced
šitimgallu,N,,master builder
šitīmtu,N,,fate
šitkunu,AJ,,established,firmly fixed,situated,supplied with
šitluṭiš,AV,,triumphantly
šitluṭu,AJ,,triumphant
šitmāru,AJ,,very wild
šitmuriš,AV,,wildly
šitmuru,AJ,,praised
šitmuru,AJ,,very wild
šitnuntu,N,,combat
šitnunu,AJ,,raised up to
šitpuru,AJ,,armed,shrouded
šitrāhu,AJ,,splendid
šitrāhu,N,,very proud one
šittu,N,,remnant
šitūltu,N,,discussion
šiṭru,N,,(piece of) writing,inscription
šizbu,N,,milk
šizû,N,,one-third cubit
šû,N,,sheep
šū,IP,,he,that
šuʾillakku,N,,(prayer) of raised hands
šuāti,IP,,that
šuātina,IP,,those
šuātunu,IP,,those
šubarrû,N,,(tax) exemption
šubbû,AJ,,cast
šubšû,AJ,,brought into being
šubtu,N,,base,dwelling,place,seat,sheath,site
šubṭulu,AJ,,interrupted
šūbultu,N,,consignment,product
šubultu,N,,ear of corn
šuddulu,AJ,,very wide
šudlupu,AJ,,troubled
šugarriāʾu,N,,(a metal tool)
šuglutu,AJ,,awe-inspiring,very frightening
šuharratu,N,,deathly hush
šuharruru,V,,make deathly still
šuhhû,AJ,,destroyed
šuhhu,AJ,,very long
šuhrubu,AJ,,devastated,uncultivated
šuhruru,V,,lay waste
šuhṭu,N,,anger
šukānu,N,,jewellery
šukbusu,AJ,,treading
šukênu,V,,prostrate onself
šukkallu,N,,vizier
šuklultu,N,,completion
šuklulu,AJ,,completed,perfect,uncastrated
šuklulu,V,,complete,completing,make perfect,performing perfectly
šuknušu,AJ,,humble
šukšudu,AJ,,made to reach
šukurru,N,,lance,spear
šukuttu,N,,jewellery
šulmānu,N,,greeting-gift
šulmu,N,,completeness,well-being
šulpu,N,,(a vessel)
šūlû,AJ,,garrisoned
šulû,N,,street
šuluhhu,N,,purification rite
šūluku,AJ,,appropriate,became something,befitting
šūlūtu,N,,garrison?
šumēla,AV,,on the left
šumēlu,N,,the left
Šumeru,N,,Sumerian language
šumma,CNJ,,if
šummannu,N,,halter
šummuhu,AJ,,very luxuriant
šumruṣu,AJ,,very difficult
šumu,N,,line (of text),line,name
šunbuṭu,AJ,,made shine
šunnû,AJ,,altered,changed
šunu,IP,,they,those
šūnuhiš,AV,,with much trouble
šūnuhu,AJ,,mouch wearied,much troubled
šunullu,AJ,,laid out
šunūti,IP,,them,those
šupalu,N,,downwards
šuparruru,AJ,,spread out
šuparzuhu,V,,make abundant
šupêlu,V,,be overturned,change
šupku,N,,foundation
šuplu,N,,depth,low level
šupluhu,AJ,,inducing fear
šuppulu,AJ,,very deep
šupqudu,AJ,,appointed
šuprusu,AJ,,blocked
šupšuqiš,AV,,very laboriously
šupšuqu,AJ,,very laborious
šuptû,AJ,,made opened
šupṭuru,AJ,,unfastened
šūpû,AJ,,made resplendent,resplendent
šūpû,N,,resplendent one
šūpušu,AJ,,built
šūpušu,AJ,,completed
šuqultu,N,,weight
šūquru,AJ,,very valuable
šurānu,N,,cat
šurathu,N,,(a tree)
šurbû,AJ,,very great,very large
šurbû,N,,very great one
šurbuṣu,AJ,,firmly seated
šurbuṣu,N,,firmly seated
šurbûtu,N,,supreme one,supreme
šurbûtu,AJ,,very great
šurdû,AJ,,overflowing
šurīnu,N,,(divine) emblem
šurīpiš,AV,,like ice
šurīpu,N,,ice
šurmēnu,N,,cypress
šurru,V,,peer in at
šurrû,V,,begin
šurrû,N,,start
šurruhu,AJ,,splendid,very proud
šuršiš,AV,,to/by the roots
šuršu,N,,foundations,root
šuršû,AJ,,provided
šuršudiš,AV,,firmly
šuršudu,AJ,,firmly founded
šūru,N,,bull
šuruppû,N,,cold fit
šūrušu,AJ,,placed under cultivation
šushuru,AJ,,encircled
šuṣbutu,AJ,,set up
šūṣu,AJ,,sprouted
šūṣû,AJ,,protrduing
šušʾuru,V,,make dirty?
šūši,NU,,sixty
šuškallu,N,,battle-net
šušmû,AJ,,read aloud
šūt,PRP,,because of,concerning
šūt,DET,,of,those of,who(m)
šūt rēši,N,,eunuch
šutābulu,AJ,,deliberating,mixed
šutaddunu,AJ,,exchanging
šutāhû,AJ,,matching,paired (off)
šutalbuš,AJ,,clothed with
šutamlû,AJ,,covered
šutashuru,AJ,,surrounded
šutātû,AJ,,positioned opposite one another
šutbû,AJ,,raised
šutēlupu,AJ,,interlocked
šutēmudu,AJ,,superimposed (on one another)
šutēmuqu,AJ,,supplicating
šutērsû,V,,prepare
šutlumu,V,,grant generously
šutruṣu,AJ,,spread
šutruṣu,AJ,,stretched out
šuttinnu,N,,bat
šuttu,N,,dream
šuttuqu,AJ,,split into may parts
šūtu,IP,,he
šūtu,N,,south wind,south
šūtuqu,AJ,,surpassing
šūturtu,AJ,,surpassing
šūturu,AJ,,surpassing
šūzuzu,AJ,,very fierce
šuzuzzu,AJ,,stationed
tabāku,V,,be poured (out),be poured,cause to shed,drain,pour (out)
tabālu,V,,cause to take away,disappear,take away
tabarru,N,,(a red- dyed wool)
tabarru,N,,red wool
tābiku,N,,one who pours out
tabku,AJ,,spilled,stored
tabnītu,N,,creation
tabrītu,N,,(astonished) gaze,(nocturnal) vision,admiration
tādirtu,N,,depression
tadnu,AJ,,given
tagmertu,N,,completion
tahanātu,N,,battle succor
tāhāzu,N,,battle array,battle
tahlīptu,N,,covering
tahluptu,N,,armor
tahtû,N,,defeat
takālu,V,,entrust,put one's trust in,trust
takbittu,N,,honor,important position
takiltu,N,,(a precious blue-purple wool)
takiltu,N,,purple (wool)
tākilu,N,,one who trusts
takkassu,N,,unworked block
taklīmu,N,,(a food-offering)
taklu,AJ,,trusted
tākultu,N,,meal
talbuštu,N,,issue of clothing
talīmu,N,,(close or beloved) brother
tālittu,N,,offspring
tallaktu,N,,passage,processional walk,walkway
tallultu,N,,trappings
tāluku,N,,march
tamāhu,V,,grasp,make grasp
tāmartu,N,,appearance,audience-gift,display,spectacle
tamgītu,N,,rejoicing
tamhāru,N,,battle
tamhu,AJ,,holding
tāmihu,N,,one who grasps
tamlītu,N,,mountings
tamlīu,N,,inlay,terrace
tamšīlu,N,,equivalent,replica
tamû,V,,take an oath
tanattu,N,,praise
tanēhtu,N,,relaxation
tānēhu,N,,wailing
tanittu,N,,praise
tāpalu,N,,(a percussion instrument)
taphu,N,,(a metal cauldron)
tappû,N,,partner
tappûtu,N,,assistance
tapšuhtu,N,,rest
tapzertu,N,,concealment
taqānu,V,,adorn,put in order,reorganize,reorganizing
taqnu,AJ,,safe
taqqītu,N,,libation
taqribtu,N,,(a ritual)
taqrubtu,N,,battle
tarahhu,N,,revetment
tarāku,V,,have someone wield (a tool),throb
tarānu,N,,roof
tarāpu,V,,(meaning uncertain)
tarāru,V,,sway,tremble
tarāṣu,V,,arrange,direct,extend,roof,stretch out
tarbaṣu,N,,courtyard,enclosure
tarbītu,N,,(person) brought up,product of
tarbuʾtu,N,,dust
tardennu,AJ,,second
targīgu,N,,evildoer
tarkubtu,N,,mount
tarlugallu,N,,rooster
tarmītu,N,,relaxation
tarpašû,N,,area
tarṣu,N,,at the time of,before,extent,opposite
tartānu,N,,(a high military official)
târu,V,,closing,do again,paying back,repel,restore,return,returning,take possession of something,turn back,turn into,turn,turning
taskarinnu,N,,box tree,boxwood
taṣbâtu,N,,wish (fulfilled)
taṣliltu,N,,roofing
taṣmertu,N,,goal
tašgertu,N,,deceit
tašīltu,N,,festivity,joy
tašīmtu,N,,practical intelligence
tašlīšu,N,,third man (of a chariot crew)
tašrihtu,N,,glorification
tašrīhū,N,,glorification
taštrītu,N,,inauguration
tatīdu,N,,(a variety of oak tree and its wood)
tawwertu,N,,surrounding territory
tayyartu,N,,return
tayyāru,AJ,,turning back
tayyāru,N,,merciful one
tazbiltu,N,,prolongation
tebû,V,,attack,getting up,make rise up,making rise up,rise up
tēbû,AJ,,set in motion
tēbû,N,,insurgent
tēdīqu,N,,garment
tēdištu,N,,renewal
tēgimtu,N,,anger
tēkītu,N,,complaint
teknû,N,,comfort,praise
teleʾû,N,,able one
tēliltu,N,,(ritual) cleansing
tēlītu,N,,disbursals
temeru,V,,bury
tēmīqu,N,,prayer
temmēnu,N,,foundation
tenēštu,N,,mankind,people
tēnintu,N,,supplication
tēnû,N,,replacement
terhatu,N,,dowry
terinnu,N,,cone-shaped piece of jewelry
terku,N,,dark spot
terṣu,N,,in the time of,protégé
têrtu,N,,extispicy,instruction,omen
teslītu,N,,petition
tespītu,N,,prayer
tēṣētu,N,,discord
tešmû,N,,attention
tešmû,N,,compliance (with a god's or ruler's will)
tēšû,N,,melee
tiʾûtu,N,,food
tiālu,N,,white cedar
tiāmtu,N,,sea
tibbuttu,N,,harp
tibku,N,,course of bricks,rapids,torrent
tibnu,N,,straw
tību,N,,attack,rising of an object
tibûtu,N,,attack,swarm,swarming
tīdû,AJ,,knowing
tidūku,N,,battle,warrior
tikātu,N,,(meaning unknown)
tikiltu,N,,encouragement
tikku,N,,nape of the neck
tiklu,N,,help
tikpu,N,,dot
tīku,N,,dripping
tīlāniš,AV,,into tells
tillatu,N,,auxiliaries
tillenû,X,,(meaning unknown)
tillu,N,,(military) equipment
tillūtu,N,,(military) assistance
tilpānu,N,,bow
tīlu,N,,(ruin) mound
timmu,N,,column,stake
tiqnu,N,,ornament
tīru,N,,courtier
tisarru,N,,(an architectural feature)
tiṣburu,AJ,,spoken
tiṣbutu,AJ,,connected to,grasping
tišû,AJ,,ninth
tittu,N,,fig
titūru,N,,aqueduct,bridge
tizqāru,AJ,,supreme
tizqāru,N,,supreme one
tūʾamu,N,,double door,twin
tubalû,N,,belt (for climbing palm trees)
tubqu,N,,(outer) corner
tukšu,N,,shield
tuktû,N,,revenge
tukultu,N,,help,support,trust
tullû,AJ,,bedecked
tupninnu,N,,box
tupšikku,N,,corvée labour,hod (for carrying bricks)
tuqumtu,N,,battle
turāhu,N,,ibex
turminabandû,N,,(a breccia or marble)
turminû,N,,(a breccia or marble)
turru,AJ,,turned
turruṣu,AJ,,directed
tūrtu,N,,return
tūšaru,N,,battlefield
tuššu,N,,hostile talk
ṭāʾtūtu,N,,present (in expectation of reciprocity)
ṭabāhu,V,,slaughter
ṭābiš,AV,,well
ṭabtu,N,,salt
ṭābtu,N,,good intent,goodness
ṭābu,AJ,,aromatic,good,sweet
ṭābu,N,,good thing(s)
ṭahādu,V,,provide lavishly,providing lavishly
ṭahdu,AJ,,abundant
ṭapālu,V,,make contemptible
ṭapultu,N,,disrespect
ṭarādu,V,,drive back,drive out
ṭāridu,N,,one who drives away
ṭarû,V,,(meaning unknown)
ṭātu,N,,bribe
ṭebû,V,,submerge
ṭehû,V,,approach,bring close,bring near,bringing near,come near,coming near
ṭēhu,N,,immediate vicinity
ṭēmu,N,,agreement,decision,mind,news,order,reason,report,thought,understanding
ṭênu,V,,pulverize
ṭepû,V,,add
ṭerītu,N,,alluvium
ṭēru,N,,mud
ṭiābu,V,,be pleasing,be(come) good,improve,make good,make pleasing,making pleasing,repair
ṭibhu,N,,(meaning uncertain)
ṭīdu,N,,clay,mud
ṭūbātu,N,,friendliness
ṭubbuhu,AJ,,slaughtered
ṭūbu,N,,goodness
ṭūdu,N,,path
ṭuhdu,N,,abundance
ṭuhhudu,AJ,,lavish
ṭuppu,N,,document,tablet
ṭupšarru,N,,scribe
ṭupšarrūtu,N,,scribal learning
û,N,,grain
u,CNJ,,and
ūʾa,J,,woe!
ubānu,N,,finger,peak
ubbuṭu,N,,famine
ubšukkinnakku,N,,court of assembly
uddakam,AV,,all day
udru,N,,Bactrian camel
ūdu,N,,distress
udû,N,,equipment
ugallu,N,,storm demon
ugāru,N,,plain
uggatu,N,,anger
uggugu,AJ,,angry
UGU.AŠ.GI₃.GI₃,N,,(a mineral)
uhhuzu,AJ,,overlaid
uhinnu,N,,unripened dates
uhulgallu,N,,unfavourable day
uhummiš,AV,,like a cliff
uhummu,N,,mountain
ukkinnu,N,,assembly
ukkulu,AJ,,darkened
ukultu,N,,devouring
ul,MOD,,not
ula,MOD,,not
ulālu,N,,weak (person)
ulla,AV,,distant time,earliest times
ulla,J,,no!
ullânu,AV,,before
ullû,DP,,distant,distant,those
ulmu,N,,ax
ulṣāniš,AV,,delightedly
ulṣu,N,,pleasure
ulû,N,,finest oil
ūm eššēši,N,,(a feast day)
umāmu,N,,animal
ūmiš,AV,,like a storm
ūmišam,AV,,daily
umma,PRP,,saying
ummān-manda,N,,enemy horde
ummânu,N,,craftsman
ummānu,N,,army,labor force,military force,people,troops
ummânūtu,N,,(scribal) craft,craftsmanship
ummiānu,N,,craftsman
ummu,N,,(summer) heat
ummu,N,,mother
umṣu,N,,hunger
umšu,N,,heat
ūmu,N,,day,storm
umunnû,N,,blood
unnātu,N,,land
unnīnu,N,,prayer
unūtu,N,,equipment,utensils,vessels
upnu,N,,hallow of the hand
upumtu,N,,(a type of) flour
uqnû,N,,lapis lazuli
uqūpu,N,,(a kind of monkey)
urbu,N,,auxiliary force
urhu,N,,road
uridimmu,N,,lion-man
uriggallu,N,,(divine) standard
urinnu,N,,eagle
urinnu,N,,standard
urītu,N,,mare
urmahhu,N,,lion colossus,lion
urpāniš,AV,,like a cloud
urpatu,N,,cloud
urqītu,N,,vegetation
urqītu,N,,vegetation
urqu,N,,yellow-green
urrākūtu,N,,craft of the sculptor
urru,N,,day
urruhiš,AV,,speedily
uršānu,N,,warrior
uršu,N,,bedroom,personal quarters
urû,N,,team of equids
ūru,N,,roof
urudû,N,,copper
uruthu,N,,(a utensil)
uskāru,N,,crescent
ūsu,N,,good practice,straight path
ūṣu,N,,arrow
uṣultu,N,,a small knife
uṣurtu,N,,design,drawing,ground-plan,plan
ušalliš,AV,,like lowland
ušallu,N,,river-flats
ušmannu,N,,camp
ušparu,N,,staff
uššu,N,,foundation
uššušu,V,,renew
uššušu,AJ,,very distressed
ušû,N,,ebony
ušumgallu,N,,lion-dragon
ušummu,N,,(a rodent)
ušuzzu,AJ,,standing
utnēnu,V,,pray
utnēnu,N,,prayer
utūnu,N,,kiln
uṭṭatu,N,,(a unit of capacity),edible grain
uznu,N,,attention,ear,lug-handle,wisdom
uzzu,N,,anger
wabālu,V,,bring,carry off,carry,consider thoroughly,constantly bringing,direct,displace,lay on,make bring,send,sending,spend
wadû,V,,be identified,be known,inform,make known
waklu,N,,overseer
walādu,V,,be born,be created,have created
waldu,AJ,,born
wālidu,N,,one who begets
wālittu,N,,one who gives birth
wapû,V,,make manifest,making manifest
waqāru,V,,be(come) precious,becoming expensive,deplete,honouring constantly,make precious,make rare
waqru,AJ,,precious,valuable
waqû,V,,attend to,wait (for)
warādu,V,,bring down,descending,go down
warāqu,V,,be(come) pale
wardatu,N,,young woman
wardu,N,,servant
wardūtu,N,,servitude,vassalage
warhišamma,AV,,monthly
warhu,N,,month,new moon
warka,AV,,afterwards,backwards
warkānu,AV,,later
warkatu,N,,rear side
warki,PRP,,after,behind
warkītu,N,,future
warkû,AJ,,later
warkû,N,,back,rear gaurd,rear guard,the latter
warqu,AJ,,green
warqu,N,,vegetable
waršu,AJ,,dirty
waršu,N,,dirty part(s)
warû,V,,begin action against,bring,constantly lead,constantly leading,lead,look after,looking after
wâru,V,,command,commission,give orders,go (up to),going,govern,send
wasāmu,V,,adorn,make fitting
wasmu,AJ,,fitting,suitable
waṣābu,V,,add,increase
wāṣītu,N,,(a part of a building),expeditionary force
waṣpu,N,,sling
waṣû,V,,bring out,come out,escape,exiting,expel,go forth,go out,going forth,going out,make attain,make go out,move out,realising,release,releasing
waṣû,AJ,,grown,protruding,rising
wašābu,V,,be in certain conditions,dwelling,install,make reside,make sit,making occupy,occupation,place,reside,settle,sit,stay
wašāru,V,,abandon,isolate,leave,release,release,spare
wašbu,AJ,,inhabited,sitting
wāšibu,N,,inhabitant,one who sits
wāšipu,N,,exorcist,exoricst,incantation priest
wašru,AJ,,humble,submissive
wašṭu,AJ,,difficult
wašṭu,N,,obdurate one
watartu,N,,addition
watāru,V,,increase,increasing,make bigger,make surpassing
watmanu,N,,cella,inner room
watmu,N,,hatchling
watru,AJ,,additional,excellent
watû,V,,find,meet,select
wēdiššī-,AV,,he/you (etc.) alone
wēdu,AJ,,single
wēdu,N,,single one
werû,N,,copper
wiāṣu,V,,be(come) too small
wīṣu,AJ,,few
wuʾʾurtu,N,,command
wusmu,N,,something fitting
wussû,V,,identify,identifying
wuṣṣû,AJ,,spread out
wuṣṣû,V,,present (something as a dedicatory offering)
wuṣṣuṣu,V,,interrogate
wuššuru,AJ,,abandoned,freed
yaʾašu,AJ,,having
yannussu,N,,sledge
yâši,IP,,to me
yašibu,N,,battering-ram
yašpû,N,,jasper
yâti,IP,,me
zaʾānu,V,,be adorned
zaʾānu,V,,adorn,decorate
zāʾeru,N,,enemy
zaʾnu,AJ,,adorned
zaʾû,N,,(aromatic) resin
zabālu,V,,bearing,carry,make carry
zabbilu,N,,bearer
zâbu,V,,dissolve,dissolving
zagiddurû,N,,(a kind of) lapis lazuli
zagmukku,N,,New Year (festival)
zahalû,N,,silver alloy
zakāru,V,,discuss,invoke,make swear,name,order,speak,swear
zakru,AJ,,named
zakû,V,,get ready,make exempt
zakûtu,N,,exemption
zāmânû,N,,enemy,hostile one
zamar,AV,,quickly
zamāru,V,,sing (of)
zamāru,N,,song
zamû,N,,outer corner
zanānu,V,,provide,provisioning
zanānu,V,,make rain,rain,rain
zāninu,N,,provisioner
zāninūtu,N,,rôle of provisioner
zaqāpu,V,,plant,planting
zaqāru,V,,build (very) high,build very high,building
zaqiptu,N,,(a standard)
zaqīpu,N,,stake
zaqpu,AJ,,erect(ed)
zaqru,AJ,,high,tall
zaqtu,AJ,,pointed
zāratu,N,,tent
zārû,N,,progenitor
zāwiānu,N,,enemy
zayyāru,N,,foe
zâzu,V,,divide
zenû,AJ,,angry
zenû,V,,be angry,make angry
zenûtu,N,,anger
zērātu,N,,hostilities
zermandu,N,,vermin
zêru,V,,dislike
zēru,N,,hostile one
zēru,N,,offspring,seed(s),seed
ziʾpu,N,,mould
ziāqu,V,,blow,blowing
zibbatu,N,,tail
zību,N,,food offering
zību,N,,jackal,vulture
zikaru,AJ,,male
zikaru,N,,male
zikru,N,,command,name,oath,utterance
zikrūtu,N,,manliness
zimru,N,,song
zīmu,N,,appearance,face
zīqīqiš,AV,,as nothing
zīqīqu,N,,phantom
ziqnu,N,,beard
ziqpu,N,,blade
ziqqurratu,N,,ziggurrat
ziqtu,N,,(a disease),point
zīqu,N,,breeze
zû,N,,excrement
zuʾʾuzu,AJ,,divided
zubbu,N,,fly
zūku,N,,infantry
zummu,V,,deprive
zummu,AJ,,deprived
zumru,N,,body
zunnu,N,,rain
zuqiqīpu,N,,scorpion
zuqtu,N,,mountain peak
zūtu,N,,sweat
