nakāsu,verb,L1086840
nakāšu,verb,L1086841
nâlu,verb,L1086845
napalsuhu,verb,L1086850
našābu,verb,L1086862
našāru,verb,L1086865
naqāru,verb,L1086857
nasāhu,verb,L1086863
našāku,verb,L1086864
naṣāru,verb,L1086866
napāšu,verb,L1086853
napālu,verb,L1086851
naprušu,verb,L744673
naṭû,adjective,L1086876
nasāsu,verb,L1086867
našāšu,verb,L1086868
našû,adjective,L1086872
nâšu,verb,L1086873
naṭālu,verb,L1086874
pašû,verb,L1086934
piāqu,verb,L1086957
pazāru,verb,L1086943
pesēnu,verb,L1086953
petû,adjective,L1086955
pukkuru,verb,L1086969
qebēru,verb,L1086996
parā'u,verb,L1086919
pašāhu,verb,L1086926
pašāru,verb,L1086929
patālu,verb,L1086936
qatānu,verb,L1086991
qerû,verb,L1086998
parādu,verb,L1086920
pašāṭu,verb,L1086930
nawāru,verb,L1086877
nazāzu,verb,L1086878
ne'û,verb,L1086879
nekelmû,verb,L1086882
nepelkû,verb,L1086885
neqelpû,verb,L1086886
palāsu,verb,L1086907
nêru,verb,L1086888
padû,verb,L1086900
pahāru,noun,L942763
pa'āṣu,verb,L1086899
pagālu,verb,L1086901
pahādu,verb,L1086903
palāhu,verb,L1086906
paqādu,verb,L1086915
panû,verb,L1086912
patānu,verb,L1086938
parāku,verb,L1086921
parāsu,verb,L1086922
pehû,adjective,L1086945
qadādu,verb,L1086977
pelû,adjective,L1086947
qabû,verb,L1086976
qalāpu,verb,L1086979
qarāru,verb,L1086988
pasāmu,verb,L1086927
pašāqu,verb,L1086928
paṭāru,verb,L744690
puhhu,verb,L1086965
qatāru,noun,L1086992
qiāšu,noun,L995880
qu'û,verb,L1087006
rabû,adjective,L1087016
ramû,adjective,L1087032
râmu,noun,L1087033
riāqu,verb,L1087050
ra'ābu,verb,L1087013
radāpu,verb,L1087019
ragāmu,verb,L1087020
rahāṣu,verb,L1087023
raqādu,verb,L1087038
rahāšu,verb,L1087021
raṣāpu,verb,L1087039
redû,verb,L1087042
rêṣu,verb,L1087048
rašû,verb,L1087040
re'û,verb,L1087041
ša'ālu,verb,L1087066
šagāmu,verb,L1087075
sahālu,verb,L1087077
rêqu,verb,L1083675
šagāšu,verb,L1087076
rakāsu,verb,L748737
ramāku,verb,L1087027
rapāšu,verb,L1087036
rehû,verb,L1087043
sadāru,verb,L1087071
ṣabābu,verb,L1087068
ṣabātu,verb,L1087069
šahānu,verb,L1087078
sahāpu,verb,L1087079
sahāru,verb,L1087080
sahāšu,verb,L1087081
šahāṭu,verb,L1087085
šalā'u,verb,L1087089
šakānu,verb,L1087088
šalû,verb,L1087101
ṣamādu,verb,L744706
ṣalālu,verb,L1087091
šamāhu,verb,L1087106
ṣamû,verb,L1087113
sakāku,verb,L1087087
ṣalā'u,verb,L1087090
šalāmu,noun,L1087094
šamātu,verb,L1087108
šalāṭu,verb,L1087095
ṣâlu,verb,L1087102
šanā'u,verb,L1087114
šanānu,verb,L1087115
ezēhu,verb,L1086507
epēqu,verb,L1086470
eṣēdu,verb,L744712
gamāru,verb,L1086512
garāru,verb,L1086513
erēšu,verb,L1086485
eṭēru,verb,L1086505
gerû,verb,L1086519
ewû,verb,L1086506
gadāmu,verb,L1086508
gaṣāṣu,verb,L1086514
gullubu,adjective,L1086531
habālu,verb,L1086533
hadādu,verb,L1086537
halālu,verb,L1086543
habātu,noun,L1086534
hadû,noun,L1086540
hamāmu,verb,L1086550
hamāṭu,verb,L1086558
hanābu,verb,L1086562
hanāṣu,verb,L1086563
harāšu,verb,L1086564
kalû,noun,L1086638
kamāsu,verb,L1086643
kapāru,verb,L1086652
karāru,verb,L1086658
karāṣu,verb,L1086659
kasāpu,verb,L1086668
kamû,adjective,L1086647
kapālu,verb,L1086649
karābu,verb,L1086657
karātu,verb,L1086660
kašādu,verb,L1086665
kasāmu,verb,L1086666
kaṣāru,verb,L1086670
kapāṣu,verb,L1086653
karû,verb,L1086664
kašāpu,verb,L1086669
haṣānu,verb,L1086569
hašāšu,verb,L1086571
haṭāmu,verb,L1086574
hatānu,verb,L1086575
hatāpu,verb,L1086576
haṭû,adjective,L1086577
hazāmu,verb,L1086579
herû,verb,L1086582
hiāṭu,verb,L1086583
īdû,verb,L1086592
izuzzu,verb,L744710
kabātu,verb,L1086628
kabāsu,verb,L1086625
kabābu,verb,L1086624
kabāšu,verb,L1086626
kaṣāṣu,verb,L1086671
kasû,noun,L1086677
kaṣû,adjective,L1086679
kâṣu,verb,L1086680
katāmu,verb,L744692
katāru,verb,L1086684
kiāšu,verb,L1086688
kullulu,adjective,L1086712
labābu,verb,L1086722
labāšu,verb,L1086724
labānu,verb,L1086723
lapātu,verb,L1086733
leqû,adjective,L1086741
laqātu,verb,L1086735
lawû,adjective,L1086738
mahāru,verb,L1086755
mahāṣu,verb,L748784
marāqu,verb,L1086774
madādu,noun,L746150
lu''û,verb,L1086748
mâtu,verb,L1086794
magāgu,verb,L1086753
makāsu,verb,L1086765
maqātu,verb,L1086771
marāṣu,verb,L1086775
mašāšu,verb,L1086784
mahû,verb,L1086763
mesû,adjective,L1086800
nabalkutu,adjective,L1086821
nabû,adjective,L1086825
nadānu,verb,L1086827
nabāṭu,verb,L1086822
nadû,adjective,L1086832
nâhu,verb,L1086837
naharmuṭu,verb,L1086834
nakādu,verb,L1086838
nakāpu,verb,L1086839
kirû,noun,L1086700
kisallu,noun,L746131
kisittu,noun,L1086703
kiššatu,noun,L997460
kitû,noun,L1086709
kīlu,noun,L1086693
kilūbu,noun,L1086694
kindabašše,noun,L1086696
kirinnu,noun,L1086699
kišādu,noun,L1086701
kispu,noun,L1086704
kiṣru,noun,L1086705
kiṣṣu,noun,L940642
kippatu,noun,L1086698
kišukku,noun,L1086708
kubšu,noun,L1086710
kunukku,noun,L1086713
kursimtu,noun,L1086715
kursinnu,noun,L1086716
kurṣiptu,noun,L1086717
kurummutu,noun,L1086718
kussû,noun,L942028
kūṣu,noun,L1086721
labbu,adjective,L1086726
lagā'u,noun,L1086727
lalā'u,noun,L1086729
lamassu,noun,L1086730
lardu,noun,L1086736
lagabbu,noun,L1086728
lamaštu,noun,L1086731
lānu,noun,L748825
lētu,noun,L1086742
malīlu,noun,L1086769
libittu,noun,L1086744
līpu,noun,L1086746
makāṣu,noun,L1086766
maksû,noun,L1086767
mamītu,noun,L1086770
marru,adjective,L1086778
maṣallu,noun,L1086783
libbu,noun,L744183
lišānu,noun,L1086747
lubāru,noun,L1086749
lubuštu,noun,L1086750
lumāšu,noun,L1086751
mahhû,noun,L1086758
mārtu,noun,L748848
mašennu,noun,L1086785
magarru,noun,L1086754
mākālu,noun,L1086764
malahhu,noun,L1086768
markasu,noun,L1086777
māru,noun,L744202
minûtu,noun,L1086803
maqlû,noun,L1086772
Maqlû,noun,L1086773
maṣṣartu,noun,L1086790
mātu,noun,L1086795
melammu,noun,L1086797
mihiṣtu,noun,L1086801
miṭṭu,noun,L940703
mahru,adjective,L1086760
maṣhatu,noun,L1086786
mašqaltu,noun,L1086789
mīlu,noun,L1086802
mašku,noun,L1086787
mašmaššu,noun,L1086788
miṭirtu,noun,L1086806
mû,noun,L229410
muhhu,noun,L1086810
māhāzu,noun,L1086757
māt Aššur,noun,L1086792
mešrēti,noun,L1086798
mīrānu,noun,L1086804
misarru,noun,L1086805
mukru,noun,L1086812
muma''iru,noun,L1086813
mukanzibtu,noun,L1086811
mūru,noun,L1086816
mušhuššu,noun,L1086818
nabnītu,noun,L1086823
mungu,noun,L1086814
muraššû,noun,L1086815
mušarû,noun,L1086817
mūšu,noun,L1086819
nabṭû,noun,L1086824
nahlaptu,noun,L1086836
nāru,noun,L1086861
nahīru,noun,L1086835
nalšu,noun,L1086844
namzītu,noun,L1086848
napaštu,noun,L1086852
narkabtu,noun,L1086859
nammaštû,noun,L744533
namzāqu,noun,L1086847
nannāru,noun,L1086849
narāmu,noun,L1086858
nashuru,noun,L1086869
puhādu,noun,L744181
qarābu,noun,L1086987
pēmu,noun,L1086951
pērtu,noun,L1086952
pilku,noun,L1086959
qannu,noun,L1086983
pāṭu,noun,L1086942
puhpuhhû,noun,L1086967
pulukku,noun,L744664
qan ṭuppi,noun,L1086982
paššuru,noun,L1086932
qātu,noun,L1086995
pāšu,noun,L744531
našru,noun,L1086870
nēbuhu,noun,L1086880
nēmelu,noun,L1086883
nēmequ,noun,L1086884
nēšu,noun,L1086889
nīqu,noun,L1086891
nišû,noun,L1086894
nīšu,noun,L1086895
nūnu,noun,L1086898
palgu,noun,L1086908
nērāru,noun,L1086887
nīš ili,noun,L1086892
niṣirtu,noun,L1086893
nuhšū,noun,L1086897
pagru,noun,L744381
palû,noun,L1086909
panātu,noun,L1086910
panītu,noun,L1086911
pānu,noun,L1086913
parṣu,noun,L1086925
pēmtu,noun,L1086950
pû,noun,L1086963
pāštu,noun,L748847
pelludû,noun,L1086946
qablu,noun,L747140
qaqqaru,noun,L958393
qarnu,noun,L1086989
parīsu,noun,L941198
puhru,noun,L749818
patru,noun,L1086940
pīhātu,noun,L1086958
pišannu,noun,L1086960
pitiltu,noun,L1086961
pūtu,noun,L1086971
qanû,noun,L1086984
qaštu,noun,L1086990
qaqqadu,noun,L1086985
qibītu,noun,L1087000
qimmatu,noun,L1087001
qinnatu,noun,L1087002
qû,noun,L1087004
rīqu,adjective,L1087055
qinnu,noun,L1087003
qurbūtu,noun,L1087010
qurpissu,noun,L1087012
ša rēši,noun,L1087064
šā'ilu,noun,L1087067
qurbu,adjective,L1087008
ramānu,noun,L1087028
riksu,noun,L942765
ruqqu,noun,L1087059
ruṭbu,noun,L1087061
rīmu,noun,L744189
rušumtu,noun,L1087060
ṣābu,noun,L1087070
ruṭibtu,noun,L1087062
ša qurbūti,noun,L1087063
šadû,noun,L750238
šagalūtu,noun,L1087074
quppu,noun,L1087007
qurdu,noun,L1087011
rēmu,noun,L1087045
rēšu,noun,L1087049
rigmu,noun,L1087051
šalamtu,noun,L1087092
šamû,noun,L746115
šalummatu,noun,L1087103
šammu,noun,L1087110
šamnu,noun,L1087111
šangû,noun,L1087116
salītu,noun,L1087096
ṣalmu,noun,L745394
šanītu,noun,L1087120
šangūtu,noun,L1087117
qalû,verb,L744654
šarāṭu,verb,L744661
banû,adjective,L1086342
ašābu,verb,L748794
damāqu,verb,L746116
zakû,verb,L744677
daqqu,verb,L942014
alāku,verb,L1086292
napāhu,verb,L750243
nâqu,verb,L959109
ṭābu,verb,L744686
kabtu,adjective,L1086631
edēšu,verb,L744699
arāku,verb,L744701
sanāqu,verb,L744682
eṣēru,verb,L1086499
emēru,verb,L746884
galātu,verb,L744670
akālu,verb,L1086290
sapāhu,verb,L744658
naklu,verb,L744697
alātu,verb,L1086297
alālu,noun,L1086294
anāhu,verb,L1086306
apālu,verb,L1086312
arāhu,verb,L1086316
arāmu,verb,L1086318
arnu,verb,L1086323
halāqu,verb,L1083667
hulluqu,verb,L1083674
naqābu,verb,L1084096
dapānu,verb,L1086120
abālu,verb,L1086259
adāru,verb,L1086270
abāru,verb,L1086260
agāgu,verb,L1086273
ahāzu,verb,L1086286
amāru,verb,L1086301
dâku,verb,L1086387
dalālu,verb,L1086389
diāšu,verb,L1086403
elēlu,verb,L1086423
ebēhu,verb,L1086414
emēdu,verb,L1086432
enēnu,verb,L1086462
bakû,verb,L1086336
balāmu,verb,L1086337
balāṣu,verb,L1086339
balāṭu,verb,L1086340
barāmu,verb,L1086343
barāqu,verb,L1086344
barû,verb,L1086347
bašāmu,verb,L1086349
batāqu,verb,L1086351
belû,adjective,L1086356
bêlu,verb,L1086357
dakāšu,verb,L1086386
damāmu,verb,L1086394
dagālu,verb,L1086383
dakāku,verb,L1086384
ebēbu,verb,L1086413
ebēru,verb,L1086415
dalû,noun,L1086391
dabābu,verb,L1086379
ekēlu,verb,L1086419
elû,adjective,L1086429
bu''û,verb,L1086369
enû,verb,L1086466
enēšu,verb,L1086463
etēqu,verb,L1086503
epēšu,verb,L1086472
galû,verb,L1086511
erēbu,noun,L1086481
ešēru,verb,L1086498
nuhatimmu,noun,L940542
elītu,noun,L940547
arsuppu,noun,L940670
ašnan,noun,L940673
upû,noun,L940688
amrû,noun,L941107
birītu,noun,L1086364
qubūru,noun,L941135
sumāsu,noun,L941143
assinnum,noun,L941151
pātu,noun,L941208
kukku,noun,L941356
sartu,noun,L941486
sarru,noun,L942040
sissinnu,noun,L942043
zazzakku,noun,L942768
qadû,noun,L749963
nakamtu,noun,L749968
apkisu,noun,L764554
barīrātu,noun,L910165
kurmittu,noun,L912962
urbatu,noun,L913066
rēdû,noun,L916075
urinnu,noun,L940502
kiturru,noun,L940550
kūbu,noun,L940554
mušēniqtu,noun,L940654
iškuru,noun,L940667
salīmu,noun,L940686
binātu,noun,L940702
aluzinnu,noun,L941098
isinnu,noun,L744526
tubbuku,noun,L942022
šeršerru,noun,L942031
turminû,noun,L942036
lemnu,adjective,L1086739
kallatu,noun,L942772
kuzbānu,noun,L942879
zizānu,noun,L1000857
kakkartu,noun,L958875
tāmartu,noun,L960872
gerru,noun,L1086518
nakāru,noun,L997148
būdu,noun,L998576
apkallu,noun,L744177
šīmtu,noun,L744375
šēdu,noun,L745391
edinu,noun,L744419
ikkaru,noun,L1086594
epinnu,noun,L744647
tabiltu,noun,L745348
allānu,noun,L744634
appu,noun,L1086313
šarku,noun,L746141
ašamšūtu,noun,L746147
tulû,noun,L748799
epqēnu,noun,L748865
abarakku,noun,L748870
ammatu,noun,L748872
assammu,noun,L748875
anzillu,noun,L748877
argabu,noun,L748882
raqqu,noun,L748886
kuṣṣû,noun,L748911
sūqu,noun,L749227
ezizzu,noun,L749234
ummu,noun,L744636
harbu,noun,L749249
kalītu,noun,L749581
tittu,noun,L749815
pisannu,noun,L749817
nurmû,noun,L749974
lallartu,noun,L749977
irdu,noun,L750229
gisappu,noun,L750241
akû,noun,L745318
handû,noun,L908480
arasu,noun,L908484
kabzuzû,noun,L908486
natbaktu,noun,L908487
takaltu,noun,L913065
išpatu,noun,L917006
arsānu,noun,L917667
puhpuhhu,noun,L918200
irkala,noun,L940548
halhallu,noun,L940552
erešu,noun,L940643
āšipu,noun,L1086324
rākibu,noun,L940651
daššu,noun,L940695
durummu,noun,L941120
egubbû,noun,L941136
šuruppû,noun,L941982
ašrinnu,noun,L941985
šulhû,noun,L942005
tinûru,noun,L942769
kisû,noun,L957372
atta,personal pronoun,L942080
anaku,personal pronoun,L942079
nappāhu,noun,L744182
imēru,noun,L1086600
arratu,noun,L744191
ašlāku,noun,L744194
bappiru,noun,L744197
tupšikku,noun,L744203
rādu,noun,L746151
esru,noun,L744525
nappilu,noun,L744538
tamkāru,noun,L744675
nišu,noun,L744926
appāru,noun,L744935
dakkannu,noun,L745352
dabû,noun,L745368
patarru,noun,L746112
rišûtu,noun,L748759
giššu,noun,L748808
asakku,noun,L748884
enkummu,noun,L748908
haṭṭu,noun,L748965
anantu,noun,L749592
utullu,noun,L749840
lahtanu,noun,L749971
kīru,noun,L750240
imbû,noun,L1010983
namdalu,noun,L908082
bīnu,noun,L908442
pursû,noun,L908447
ṣapšu,noun,L908475
qardu,noun,L919381
hattu,noun,L940519
harûbu,noun,L940522
šappu,noun,L940650
iškaru,noun,L940665
huppû,noun,L940676
paršu,noun,L940684
tilimdû,noun,L940691
šahītu,noun,L940701
muddulu,noun,L941489
aškuttu,noun,L941990
gigunû,noun,L942062
šību,noun,L942314
timbutu,noun,L942764
dunnu,noun,L943216
ašlukkatu,noun,L991923
barbaru,noun,L996238
ulāpu,noun,L997074
iškarissu,noun,L997106
zammertu,noun,L998505
zinbuharu,noun,L998654
asu,noun,L744193
ṣibittu,noun,L744514
irītu,noun,L744523
tārītu,noun,L744594
andurāru,noun,L1086307
ūsu,noun,L744890
antu,noun,L744903
dūdu,noun,L745380
hinqu,noun,L746140
sukkalmahu,noun,L748774
hinnu,noun,L748819
edadû,noun,L748834
tupšinnu,noun,L748852
darrūtu,noun,L748864
ariktu,noun,L748869
setu,noun,L748890
amatu,noun,L749201
immeru,noun,L749229
atānu,noun,L749583
adi,preposition,L1086271
abšānu,noun,L749964
tanēhu,noun,L908089
arānu,noun,L908118
armatu,noun,L908128
birtu,noun,L1086367
burgû,noun,L908446
dimtu,noun,L908479
anzû,noun,L908481
zanzaliqqu,noun,L908493
imhullu,noun,L908497
dabdû,noun,L917854
tizqāru,noun,L918724
upellû,noun,L920923
šuburru,noun,L1001464
imittu,noun,L1086602
hibṣu,noun,L940512
hazannu,noun,L1086580
ṭubû,noun,L940541
nāsihu,noun,L957872
kumurrû,noun,L958636
hidûtu,noun,L963913
zirīqu,noun,L965372
luhšû,noun,L983329
girru,noun,L1086525
kalbu,noun,L184209
aškāpu,noun,L1086325
maṣādu,noun,L744651
ellabbuhhu,noun,L744672
puhālu,noun,L744895
tinūru,noun,L744912
qiššû,noun,L744915
agû,noun,L1086275
aplu,noun,L748830
erû,noun,L1086493
ašarēdu,noun,L748868
ṣulūlu,noun,L748873
mēlultu,noun,L748905
kakkultu,noun,L748924
bunnannu,noun,L748970
erēnu,noun,L749210
išīnu,noun,L749215
uršu,noun,L749257
şābu,noun,L749591
maqtaru,noun,L749803
ēru,noun,L749806
purīdu,noun,L749814
uqūpu,noun,L749835
āribu,noun,L749841
kirbānu,noun,L749967
damu,noun,L744906
imdu,noun,L745373
dulbu,noun,L745378
aptu,noun,L745897
lummû,noun,L746144
asû,noun,L746290
muqippu,noun,L748019
dulûtu,noun,L748863
kannu,noun,L748891
mākisu,noun,L748906
titennu,noun,L748932
šēpu,noun,L748946
kabšarru,noun,L748954
gugallu,noun,L748956
tāpalu,noun,L749177
magillu,noun,L749809
arrabu,noun,L749816
uhinnu,noun,L749843
nukurtu,noun,L750237
sandanaku,noun,L750242
ammammu,noun,L908084
pīru,noun,L908086
dālû,noun,L908140
anṣabtu,noun,L908478
ṣenu,noun,L913210
ibbissû,noun,L940496
kanagurru,noun,L940527
agubbû,noun,L940528
pāqidu,noun,L940647
atmu,noun,L940668
laplaptu,noun,L940683
muballittu,noun,L940698
maškanu,noun,L940700
alallû,noun,L941096
nudunnû,noun,L941147
puttû,noun,L941357
mešretu,noun,L941995
kamkammatu,noun,L942011
daprānu,noun,L942016
galamahhu,noun,L942059
kirmahhu,noun,L942066
papāhu,noun,L942081
zabbilu,noun,L954980
simmiltu,noun,L960326
zabzabgû,noun,L967117
erkallu,noun,L1086486
limu,noun,L750227
uzzu,noun,L750239
sablu,noun,L1000848
supūru,noun,L908085
angubbû,noun,L908088
šubtu,noun,L908451
parzillu,noun,L908962
asiru,noun,L912780
edullû,noun,L916724
pilaqqu,noun,L918059
našpaku,noun,L940488
ṣāhitu,noun,L940645
ašīpu,noun,L940648
tibnu,noun,L940674
tannu,noun,L941122
šāninu,noun,L1087118
santakku,noun,L1087121
kišād nāri,noun,L1087169
rēma rašû,verb phrase,L1087044
peṣû,adjective,L1086954
nebû,adjective,L745374
gitmalu,adjective,L908080
ālānû,adjective,L1086296
arhu,noun,L744717
arītu,noun,L1086321
arkû,adjective,L1086322
dašpu,adjective,L1086122
ahû,adjective,L1086289
aklu,noun,L749941
damqu,adjective,L1086396
dummuqu,adjective,L1086407
ellu,adjective,L1086426
emdu,noun,L1086430
ebbu,adjective,L1086412
eklu,adjective,L1086421
barmu,adjective,L1086346
batqu,adjective,L1086353
dannu,adjective,L1086400
elamû,adjective,L1086422
gaṣṣu,noun,L1086517
halṣu,noun,L1086549
halqu,adjective,L1086547
habtu,adjective,L1086536
hamṭu,adjective,L1086561
kartu,adjective,L1086663
hazmu,adjective,L1086581
hubbulu,adjective,L1086586
kabbu,adjective,L1086630
išaru,adjective,L1086609
kabbaru,adjective,L1086629
kašdu,adjective,L1086672
kasmu,adjective,L1086673
kaṣru,adjective,L1086675
katmu,adjective,L1086686
kīnu,adjective,L1086697
kurrû,adjective,L1086714
kuššudu,adjective,L1086720
laptu,adjective,L1086734
marṣu,adjective,L1086780
matqu,adjective,L1086793
mahrû,adjective,L1086761
mazû,adjective,L1086796
mahṣu,adjective,L1086762
mašû,adjective,L1086791
mītu,adjective,L1086808
naksu,adjective,L1086843
nakru,adjective,L1086842
paṭru,adjective,L1086941
puhhuru,adjective,L1086966
paqdu,adjective,L1086916
nēhu,adjective,L1086881
pānû,adjective,L1086914
parsu,adjective,L1086924
pašru,adjective,L1086931
par'u,adjective,L1086917
qaddu,adjective,L1086978
qallu,adjective,L1086981
qatru,adjective,L1086994
raksu,adjective,L1087026
rahṣu,adjective,L1087024
ša šēpē,adjective,L1087065
rabbu,adjective,L1087014
rapšu,adjective,L1087037
rēqu,adjective,L1087047
rummû,adjective,L1087057
ruddû,adjective,L1087056
šahṭu,adjective,L1087086
šammahu,adjective,L1087109
šalummu,adjective,L1087104
šalmu,adjective,L1087097
Anzu,proper noun,L1086310
Aššur,proper noun,L1086329
zamar,adverb,L1084949
Ea,proper noun,L1086093
Adad,proper noun,L1086267
Dumuzi,proper noun,L1086408
elēnu,adverb,L1086424
Harran,proper noun,L1086566
Enkidu,proper noun,L1086464
Enūma Anu Enlil,proper noun,L1086467
Enūma eliš,proper noun,L1086468
Ereškigal,proper noun,L1086483
Etana,proper noun,L1086501
Gimir,proper noun,L1086522
Esagil,proper noun,L1086494
Gilgameš,proper noun,L1086521
kallâmāri,adverb,L1086635
Inanna,proper noun,L1086605
Inšušinak,proper noun,L1086606
Marduk,proper noun,L1086776
Napiriša,proper noun,L1086855
Nineveh,proper noun,L1086890
qalliš,adverb,L1086980
Šamšu,proper noun,L1087107
Aššur-bani-apli,proper noun,L1087161
Esarhaddon,proper noun,L1087164
Šamaš-šumu-ukin,proper noun,L1087173
išten,numeral,L700419
erbettu,numeral,L1086476
b n n,root,L744049
q l ',root,L744655
š r ṭ,root,L744662
g l t,root,L744671
p r š,root,L744674
b n ',root,L744681
t b ',root,L744687
' š b,root,L744695
' ' d,root,L745166
' ' l,root,L745167
' b h,root,L745174
' b r,root,L745177
' d b,root,L745181
' k m,root,L745342
d m q,root,L746118
m s ',root,L746143
r k s,root,L748739
n q ',root,L959694
s p h,root,L744660
z k ',root,L744678
k b t,root,L744689
' k l,root,L745341
' z z,root,L744711
' ' š,root,L745170
' b l,root,L745176
g m r,root,L744109
' l k,root,L744684
p ṭ r,root,L744691
n k l,root,L744698
' d š,root,L744700
' r k,root,L744702
' b d,root,L745173
' b s,root,L745178
' g r,root,L745314
' k d,root,L745337
' k k,root,L745340
r m ',root,L748791
n p h,root,L750244
ṣ m d,root,L744707
' ṣ d,root,L744713
' ' ṣ,root,L745169
' d h,root,L745303
' g m,root,L745312
' h r,root,L745332
' k ṣ,root,L745346
' d d,root,L745182
' h ',root,L745331
' k ',root,L745336
g m m,root,L744108
r b ',root,L744669
' ṣ r,root,L744715
' d ',root,L745180
' g ',root,L745309
' k p,root,L745343
m h ṣ,root,L748787
k t m,root,L744693
' ' ',root,L744809
š r r,root,L743890
' ' r,root,L745168
' b ',root,L745171
' b k,root,L745175
' b t,root,L745179
' g g,root,L745310
' h z,root,L745333
tušaru,noun,L941137
dumqu,noun,L941373
dibdibbu,noun,L942076
alallum,noun,L942877
elilu,noun,L942881
kisalluhhu,noun,L943229
ṣurṣuppum,noun,L964873
taskarinnu,noun,L971453
himṭētu,noun,L973619
rību,noun,L997070
nikiltu,noun,L997105
šuttatu,noun,L997108
budduru,noun,L998517
ditānu,noun,L744188
kidinnu,noun,L744379
allu,noun,L744396
nābalu,noun,L744652
tamhāru,noun,L744676
rubātu,noun,L744696
ishu,noun,L744728
qēmu,noun,L744886
maštakal,noun,L961641
pitqu,noun,L997079
kittu,noun,L997161
itinnu,noun,L997485
išhilṣu,noun,L997494
sippu,noun,L998568
awilum,noun,L70598
itqūru,noun,L744199
šurpītu,noun,L744515
errēšum,noun,L744521
eqlu,noun,L1086475
bēlu,noun,L1086358
ušmû,noun,L744649
ardu,noun,L744650
kurû,noun,L744653
ippīru,noun,L744703
tapatu,noun,L745350
kurummatu,noun,L746133
lahru,noun,L746137
tāhāzu,noun,L746145
ugāru,noun,L748867
laqlaqqu,noun,L748878
argānu,noun,L748880
argukku,noun,L748881
rīṣu,noun,L748889
ibru,noun,L748940
šurānu,noun,L748942
kinûnu,noun,L748944
hurru,noun,L748947
nahallu,noun,L748976
qarītu,noun,L749253
nahbalu,noun,L749593
arūtu,noun,L908134
dabašinnu,noun,L908449
nabāru,noun,L913354
pattaru,noun,L913774
zūtu,noun,L915517
igirû,noun,L940482
imtanû,noun,L940679
māšu,noun,L940696
sēkiru,noun,L941095
ardadillu,noun,L941981
šatpu,noun,L942077
purussûm,noun,L943234
dipāru,noun,L1086404
serdu,noun,L965838
temennu,noun,L970730
šukuttu,noun,L996192
huddudu,noun,L998537
sahhiru,noun,L998644
ziqnu,noun,L691018
šīpātu,noun,L744180
dūru,noun,L1086409
balangu,noun,L744196
ilu,noun,L1086598
bītu,noun,L1086368
itqu,noun,L744383
uruhhu,noun,L744537
ṭēmu,noun,L744539
itirtu,noun,L744540
lišanu,noun,L744591
tanittu,noun,L1084101
šīru,noun,L744887
turbutu,noun,L744920
alallu,noun,L745393
tabinu,noun,L745894
atbaru,noun,L745895
' k š,root,L745347
n q b,root,L1084099
r q d,root,L1088232
r g m,root,L1088233
r d p,root,L1088234
ṣ l l,root,L1088235
š k n,root,L1088236
h l q,root,L1088189
p š ṭ,root,L1088191
q r ',root,L1088192
p r d,root,L1088196
q t n,root,L1088197
p t l,root,L1088200
q b r,root,L1088202
p k r,root,L1088203
p s n,root,L1088205
p t ',root,L1088208
p z r,root,L1088210
p l ',root,L1088212
p š ',root,L1088214
p š q,root,L1088215
q r r,root,L1088216
q l p,root,L1088217
s h l,root,L1088220
r ṣ p,root,L1088221
r d ',root,L1088222
q t r,root,L1088223
š n n,root,L1088224
š m t,root,L1088225
š l m,root,L1088226
s k k,root,L1088227
š h ṭ,root,L1088228
r p š,root,L1088229
r m k,root,L1088230
r h ṣ,root,L1088231
mannu,interrogative pronoun,L1084102
mīnum,interrogative pronoun,L1084957
ana,preposition,L1086305
ina,preposition,L1086604
zīqīqu,noun,L746138
atkuppu,noun,L746149
abullu,noun,L1086266
išdu,noun,L1086611
supālu,noun,L967595
sahargû,noun,L972976
agru,noun,L983342
mihṣu,noun,L996117
unītu,noun,L996171
narbû,noun,L997088
kimṣu,noun,L997158
dillatu,noun,L997476
šarru,noun,L743580
ṣertu,noun,L744388
apluhtu,noun,L744395
dēpu,noun,L744513
ṭuppu,noun,L744541
arkatu,noun,L744548
ṣāltu,noun,L744685
ālu,noun,L1086299
turāhu,noun,L745370
alluttu,noun,L745392
assukku,noun,L745896
kinburru,noun,L746130
tappinnu,noun,L748859
nušû,noun,L748871
anzahhu,noun,L748874
kummu,noun,L748912
kapru,noun,L748920
eṭemmu,noun,L1086502
kakkû,noun,L748945
uhūlu,noun,L749001
šēnu,noun,L749223
eqbu,noun,L749808
diqāru,noun,L749837
purkullu,noun,L750245
qerbetu,noun,L908081
ṣēru,noun,L908087
ṭupšarru,noun,L748857
arsikku,noun,L748883
mekkû,noun,L748898
abunnatu,noun,L748903
kamûnu,noun,L748926
alaktu,noun,L749590
masabbu,noun,L749807
lalānu,noun,L749962
barumtu,noun,L750037
ummānātu,noun,L908083
pinnāru,noun,L908443
iblakku,noun,L916502
liqtu,noun,L920671
hiddu,noun,L940509
itannu,noun,L940549
unūtu,noun,L940646
ibilu,noun,L941106
ṣarbatu,noun,L941109
surdû,noun,L941141
muthummu,noun,L941365
pilû,noun,L942010
didallu,noun,L942013
ṣubbutu,noun,L942020
ekkēmu,noun,L942055
kapsû,noun,L957145
kagurrû,noun,L962266
kigallu,noun,L1086691
tanpahu,noun,L966176
qurqurru,noun,L969534
karpatu,noun,L970097
šuginû,noun,L971878
ṣululu,noun,L972139
šarrāqu,noun,L983479
marrāqu,noun,L983481
namṣāru,noun,L995984
ṣallallu,noun,L996071
lemuttu,noun,L997107
kīsu,noun,L997151
ušmedû,noun,L998529
ninkummu,noun,L1011465
dugānu,noun,L1013539
zibnu,noun,L1013892
eblu,noun,L1086416
amurru,noun,L1086302
amūtu,noun,L1086304
alpu,noun,L1086298
amahhu,noun,L1086300
anqullu,noun,L1086308
anuntu,noun,L1086309
apsû,noun,L1086314
arallû,noun,L1086317
askuppu,noun,L1086326
ašqulālu,noun,L1086327
ašru,noun,L1086328
asurrû,noun,L1086330
atappu,noun,L1086331
awātu,noun,L1086332
ayyābu,noun,L1086333
ayyalu,noun,L1086334
tâmtu,noun,L1084100
adaguru,noun,L1084119
teşētu,noun,L1084126
milu,noun,L1084531
agammu,noun,L1084632
naruqqu,noun,L1084643
ţābātu,noun,L1084650
kī,noun,L1084764
butuqtu,noun,L1084948
šuhhu,noun,L1084952
elallu,noun,L1084954
aslu,noun,L1084956
erşetu,noun,L1084962
namūtu,noun,L1084966
šuāru,noun,L1085798
têrtu,noun,L1085835
qinnāzu,noun,L1086060
dīnu,noun,L1086092
gabadibbu,noun,L1086118
ab abi,noun,L1086258
abnu,noun,L1086262
abru,noun,L1086263
abu,noun,L1086264
adānu,noun,L1086268
abattu,noun,L1086261
abūbu,noun,L1086265
adû,noun,L1086272
aguhhu,noun,L1086285
ahu,noun,L1086288
būru,noun,L1086375
danānu,noun,L1086398
ebūru,noun,L1086417
bubūtu,noun,L1086370
daddu,noun,L1086380
ekletu,noun,L1086420
emūqu,noun,L1086461
bābu,noun,L1086335
barārītu,noun,L1086345
bārû,noun,L1086348
bašmu,noun,L1086350
batiqtu,noun,L1086352
bēl āli,noun,L1086354
bibbulu,noun,L1086360
bēru,noun,L1086359
biltu,noun,L1086361
binītu,noun,L1086362
birku,noun,L1086365
būlu,noun,L1086371
dayyānu,noun,L1086401
birqu,noun,L1086366
būrtu,noun,L1086374
būṣu,noun,L1086376
daltu,noun,L1086390
e'iltu,noun,L1086411
ēkallu,noun,L1086418
damiqtu,noun,L1086395
dullu,noun,L1086406
eleppu,noun,L1086425
da'īmu,noun,L1086378
dadmû,noun,L1086381
di'u,noun,L1086402
birbirrū,noun,L1086363
dādu,noun,L1086382
dāmu,noun,L1086397
dannatu,noun,L1086399
dīšu,noun,L1086405
hargullu,noun,L1086565
harrānu,noun,L1086567
harurtu,noun,L1086568
ennettu,noun,L1086465
erbu,noun,L1086478
ešertu,noun,L1086496
epru,noun,L1086473
ermu,noun,L1086487
enūtu,noun,L1086469
eršahungû,noun,L1086489
eqel qašti,noun,L1086474
epertu,noun,L1086471
erṣetu,noun,L1086490
eššēšu,noun,L1086500
erru,noun,L1086488
gidimmu,noun,L1086520
erbû,noun,L1086479
ereqqu,noun,L1086482
ginû,noun,L1086523
gāgu,noun,L1086509
gallû,noun,L1086510
gipāru,noun,L1086524
gišallu,noun,L1086526
giskimmu,noun,L1086527
giṣṣu,noun,L1086529
gišparru,noun,L1086528
hallu,noun,L1086544
halluptu,noun,L1086546
hammu,noun,L1086560
kalūmu,noun,L1086640
karṣu,noun,L1086662
kalûtu,noun,L1086642
kandu,noun,L1086648
kappu,noun,L1086656
karšu,noun,L1086661
hašû,noun,L1086573
hašhūru,noun,L1086572
hilibû,noun,L1086584
himiltu,noun,L1086585
hubšu,noun,L1086587
hubūru,noun,L1086588
huliam,noun,L1086589
hurāṣu,noun,L1086590
idu,noun,L1086591
igāru,noun,L1086593
ikkillu,noun,L1086595
illatu,noun,L1086596
illurtu,noun,L1086597
imbaru,noun,L1086599
īnu,noun,L1086607
iṣṣuru,noun,L1086615
išātu,noun,L1086610
iṣṣu,noun,L1086613
ittu,noun,L1086620
izbu,noun,L1086622
imtu,noun,L1086603
išparu,noun,L1086612
iṣṣur hurri,noun,L1086614
kabattu,noun,L1086627
irtu,noun,L1086608
ištānu,noun,L1086616
ištaru,noun,L1086617
isu,noun,L1086618
itû,noun,L1086621
kadrû,noun,L1086632
kakkišu,noun,L1086633
kakku,noun,L1086634
kaspu,noun,L1086674
kāsu,noun,L1086681
kātimtu,noun,L1086685
kerṣu,noun,L1086687
kibrat erbetti,noun,L1086689
kibru,noun,L1086690
kilīlu,noun,L1086692
kimtu,noun,L1086695
